MOBILE SAFETY CAMERA LOCATION DESCRIPTION REPORT,,,
LOCATION,SUBURB,Reason Code,Audit Date
Albert Street,EAST MELBOURNE,A,Apr-2025
Back Beach Road,VENTNOR,A,Sep-2024
Ballarat Road,BRAYBROOK,A,Jun-2025
Beaconsfield-Emerald Road,BEACONSFIELD,A,Apr-2025
Calder Highway,SEA LAKE,A,Mar-2025
Dendy Street,BRIGHTON,A,T
Ferntree Gully Road,FERNTREE GULLY,A,Mar-2025
Kangaroo Ground-St Andrews Road,SMITHS GULLY,A,Feb-2025
Maroondah Highway,YARCK,A,Oct-2024
Royal Parade,PARKVILLE,A,Jan-2025
Strzelecki Highway,BERRYS CREEK,A,Sep-2024
Strzelecki Highway,MIRBOO NORTH,A,Sep-2024
Swansea Road,LILYDALE,A,Jul-2024
Reid Parade,HASTINGS,AB,Sep-2024
Robinsons Road,LANGWARRIN,AB,Sep-2024
Webb Road,ROCHESTER,AB,Apr-2025
Aitken Boulevard,ROXBURGH PARK,ABC,Apr-2025
Albert Road,WARRAGUL,ABC,Dec-2024
Albion Street,BRUNSWICK WEST,ABC,Apr-2025
Ararat-Halls Gap Road,POMONAL,ABC,Oct-2024
Arthurs Creek Road,ARTHURS CREEK,ABC,Feb-2025
Balcombe Road,BEAUMARIS,ABC,T
Ballan Road,BATESFORD,ABC,Aug-2024
Ballan-Daylesford Road,BUNDING,ABC,Mar-2025
Ballan-Daylesford Road,KORWEINGUBOORA,ABC,Mar-2025
Ballarat Road,MAIDSTONE,ABC,Jan-2025
Ballarto Road,SKYE,ABC,Sep-2024
Barry Road,COOLAROO,ABC,Apr-2025
Barwon Heads Road,CONNEWARRE,ABC,Aug-2024
Bass Highway,INVERLOCH,ABC,Sep-2024
Baxter-Tooradin Road,BAXTER,ABC,Sep-2024
Belgrave-Hallam Road,NARRE WARREN EAST,ABC,Jul-2024
Bells Avenue,KALKALLO,ABC,Apr-2025
Benalla-Yarrawonga Road,GOORAMBAT,ABC,T
Benalla-Yarrawonga Road,YARRAWONGA,ABC,Apr-2025
Bendigo-Murchison Road,WANALTA,ABC,Apr-2025
Benetook Avenue,MILDURA SOUTH,ABC,Apr-2025
Bengworden Road,CLYDEBANK,ABC,May-2025
Bergins Road,ROWVILLE,ABC,Mar-2025
Bluff Road,HAMPTON,ABC,T
Bluff Road,SANDRINGHAM,ABC,T
Broken River Drive,SHEPPARTON,ABC,May-2025
Brossard Road,MICKLEHAM,ABC,Apr-2025
Burwood Highway,KNOXFIELD,ABC,Mar-2025
Calder Highway,OUYEN,ABC,Apr-2025
Cameron Parade,BUNDOORA,ABC,Feb-2025
Cape Otway Road,BIRREGURRA,ABC,Aug-2024
Cape Otway Road,WINCHELSEA,ABC,Aug-2024
Carrick Drive,GLADSTONE PARK,ABC,Apr-2025
Cooper Street,SOMERTON,ABC,Apr-2025
Cornwall Road,SUNSHINE,ABC,May-2025
Cowra Avenue,IRYMPLE,ABC,Apr-2025
Cowra Avenue,MILDURA,ABC,Apr-2025
Cranbourne-Frankston Road,LANGWARRIN,ABC,Sep-2024
Dandenong Road East,FRANKSTON,ABC,Sep-2024
Dartmoor-Hamilton Road,YULECART,ABC,Apr-2025
Deakin Avenue,MILDURA,ABC,Apr-2025
Dendy Street,BRIGHTON EAST,ABC,T
Donnybrook Road,MICKLEHAM,ABC,Apr-2025
Dorset Road,CROYDON,ABC,Jul-2024
Dundas Street,PRESTON,ABC,Feb-2025
Dunne Street,KINGSBURY,ABC,Feb-2025
Dunns Creek Road,DROMANA,ABC,Sep-2024
Eastbourne Road,ROSEBUD,ABC,Sep-2024
Edward Road,CHIRNSIDE PARK,ABC,Jul-2024
Elevation Boulevard,CRAIGIEBURN,ABC,Apr-2025
Elizabeth Street,COBURG,ABC,Feb-2025
Ellscott Boulevard,MICKLEHAM,ABC,Apr-2025
Eureka Street,BALLARAT EAST,ABC,Aug-2024
Euroa-Mansfield Road,EUROA,ABC,T
Euroa-Mansfield Road,GOORAM,ABC,T
Federation Way,BOWSER,ABC,Apr-2025
Frankston-Flinders Road,BITTERN,ABC,Sep-2024
Frawley Road,HALLAM,ABC,Nov-2024
Gap Road,SUNBURY,ABC,Apr-2025
Garden Road,CLAYTON,ABC,May-2025
Geelong-Ballan Road,BALLAN,ABC,Mar-2025
Geelong-Ballan Road,BEREMBOKE,ABC,Mar-2025
Geelong-Ballan Road,MOUNT WALLACE,ABC,Mar-2025
Gisborne-Melton Road,TOOLERN VALE,ABC,May-2025
Glenelg Highway,DUNKELD,ABC,Apr-2025
Glenfern Road,UPWEY,ABC,Mar-2025
Glenrowan-Myrtleford Road,WHOROULY,ABC,Apr-2025
Grand Boulevard,CRAIGIEBURN,ABC,Apr-2025
Grange Road,TOORAK,ABC,Mar-2025
Graydens Road,HASTINGS,ABC,Sep-2024
Great Alpine Road,SMOKO,ABC,Apr-2025
Great Alpine Road,BOWMANS FOREST,ABC,Apr-2025
Great Alpine Road,EUROBIN,ABC,Apr-2025
Great Ocean Road,LORNE,ABC,Aug-2024
Hall Road,CARRUM DOWNS,ABC,Sep-2024
Hamilton Highway,CRESSY,ABC,Aug-2024
Healesville-Koo Wee Rup Road,HEALESVILLE,ABC,Jul-2024
Healesville-Koo Wee Rup Road,YELLINGBO,ABC,Jul-2024
Healesville-Koo Wee Rup Road,WOORI YALLOCK,ABC,Jan-2025
Hendy Main Road,MORIAC,ABC,Aug-2024
Henty Highway,BRANXHOLME,ABC,Apr-2025
Henty Highway,HAMILTON,ABC,Apr-2025
Highlander Drive,CRAIGIEBURN,ABC,Apr-2025
Highlands Road,SEYMOUR,ABC,Apr-2025
Hughes Parade,RESERVOIR,ABC,Feb-2025
Hume Freeway,TALLAROOK,ABC,Apr-2025
Hume Freeway,BORALMA,ABC,Apr-2025
Hume Freeway,BOWSER,ABC,Apr-2025
Hyland Highway,TRARALGON,ABC,T
Hyland Highway,FLYNNS CREEK UPPER,ABC,May-2025
Jasper Road,BENTLEIGH,ABC,T
Jeeralang North Road,HAZELWOOD NORTH,ABC,T
Jukes Road,FAWKNER,ABC,Apr-2025
Karingal Drive,FRANKSTON,ABC,Sep-2024
Kensington Road,KENSINGTON,ABC,Apr-2025
Kerferd Road,ALBERT PARK,ABC,Feb-2025
Kiewa Valley Highway,KIEWA,ABC,Apr-2025
Kobyboyn Road,SEYMOUR,ABC,Apr-2025
Kulkyne Way,KARADOC,ABC,Apr-2025
Lake Tyers Beach Road,LAKE TYERS,ABC,Nov-2024
Lancefield Road,SUNBURY,ABC,Aug-2024
Leakes Road,PLUMPTON,ABC,May-2025
Longford-Loch Sport Road,LONGFORD,ABC,May-2025
Lower Plenty Road,YALLAMBIE,ABC,Feb-2025
Lyrebird Drive,CARRUM DOWNS,ABC,Sep-2024
Macaulay Road,NORTH MELBOURNE,ABC,Apr-2025
Maffra-Rosedale Road,NAMBROK,ABC,May-2025
Main Neerim Road,NEERIM SOUTH,ABC,Dec-2024
Major Road,FAWKNER,ABC,Apr-2025
Malcolm Street,MANSFIELD,ABC,Oct-2024
Mansfield-Whitfield Road,TOLMIE,ABC,Oct-2024
Marathon Boulevard,CRAIGIEBURN,ABC,Apr-2025
Maroondah Highway,HEALESVILLE,ABC,Jul-2024
Maroondah Highway,MERTON,ABC,Oct-2024
McClelland Drive,LANGWARRIN,ABC,Sep-2024
McCormicks Road,SKYE,ABC,Aug-2024
McCormicks Road,CARRUM DOWNS,ABC,Sep-2024
Melba Highway,YARRA GLEN,ABC,Jul-2024
Mickleham Road,TULLAMARINE,ABC,Apr-2025
Mickleham Road,GREENVALE,ABC,Apr-2025
Midland Highway,ELAINE,ABC,Mar-2025
Midland Link Highway,MAINDAMPLE,ABC,Oct-2024
Monaro Highway,NOORINBEE,ABC,May-2025
Monash Road,NEWBOROUGH,ABC,T
Monash Street,SUNSHINE,ABC,May-2025
Monash Way,CHURCHILL,ABC,T
Monbulk Road,SILVAN,ABC,Jul-2024
Moore Street,MOE,ABC,T
Mornington Peninsula Freeway,ROSEBUD,ABC,Sep-2024
Mount Buller Road,MERRIJIG,ABC,Oct-2024
Mount Buller Road,SAWMILL SETTLEMENT,ABC,Oct-2024
Mount Dandenong Road,CROYDON,ABC,T
Mount Dandenong Tourist Road,MONTROSE,ABC,Jun-2025
Mt Alexander Road,ESSENDON,ABC,Apr-2025
Mt Ridley Road,MICKLEHAM,ABC,Apr-2025
Murray Valley Highway,BARNAWARTHA NORTH,ABC,Apr-2025
Murray Valley Highway,BROWNS PLAINS,ABC,Apr-2025
Murray Valley Highway,COBRAM EAST,ABC,Apr-2025
Murray Valley Highway,STRATHMERTON,ABC,Apr-2025
Murray Valley Highway,TORRUMBARRY,ABC,Apr-2025
Myrtlebank Road,MYRTLEBANK,ABC,May-2025
Napoleon Road,ROWVILLE,ABC,Jan-2025
Nepean Highway,DROMANA,ABC,Sep-2024
Nepean Highway,FRANKSTON SOUTH,ABC,Sep-2024
Nepean Highway,MORNINGTON,ABC,Sep-2024
Nepean Highway,MOUNT ELIZA,ABC,Sep-2024
Newlands Road,COBURG,ABC,Apr-2025
North Road,LANGWARRIN,ABC,Sep-2024
Northern Highway,PYALONG,ABC,Apr-2025
Northern Highway,MYOLA,ABC,Apr-2025
Northumberland Road,PASCOE VALE,ABC,Apr-2025
Oak Street,PARKVILLE,ABC,Apr-2025
O'Donnell Avenue,MYRTLEFORD,ABC,Apr-2025
O'Gradys Road,CARRUM DOWNS,ABC,Sep-2024
Old Melbourne Road,TRARALGON,ABC,T
Olympic Parade,MAIDEN GULLY,ABC,Apr-2025
Omeo Highway,ESKDALE,ABC,Apr-2025
Oxley Flats Road,WANGARATTA,ABC,Apr-2025
Pascoe Vale Road,GLENROY,ABC,Apr-2025
Paynesville Road,BAIRNSDALE,ABC,May-2025
Portarlington-Queenscliff Road,MANNERIM,ABC,Aug-2024
Portland-Nelson Road,MOUNT RICHMOND,ABC,Apr-2025
Princes Freeway,WARRAGUL,ABC,Dec-2024
Princes Highway,BELMONT,ABC,Aug-2024
Princes Highway,PANMURE,ABC,Oct-2024
Princes Highway,TERANG,ABC,Oct-2024
Princes Highway,HALLAM,ABC,Nov-2024
Princes Highway,NAR NAR GOON,ABC,Apr-2025
Quarry Road,LANGWARRIN,ABC,Sep-2024
Rea Street,SHEPPARTON,ABC,May-2025
Roadknight Street,LAKES ENTRANCE,ABC,Nov-2024
Robinsons Road,FRANKSTON,ABC,Sep-2024
Robinsons Road,LANGWARRIN SOUTH,ABC,Sep-2024
Rosedale-Heyfield Road,WINNINDOO,ABC,May-2025
Rosedale-Longford Road,LONGFORD,ABC,May-2025
Sale-Heyfield Road,DENISON,ABC,May-2025
Shell Road,OCEAN GROVE,ABC,Aug-2024
Shell Road,POINT LONSDALE,ABC,Aug-2024
Smithfield Road,KENSINGTON,ABC,Apr-2025
Sneydes Road,POINT COOK,ABC,Jun-2025
South Road,MOORABBIN,ABC,T
Stawell-Avoca Road,STAWELL,ABC,Oct-2024
Strzelecki Highway,DRIFFIELD,ABC,T
Sturt Highway,KARAWINNA,ABC,Apr-2025
Sturt Highway,YARRARA,ABC,Apr-2025
Sunshine Avenue,KEILOR DOWNS,ABC,May-2025
Tarneit Road,HOPPERS CROSSING,ABC,Jan-2025
Taylors Road,CAROLINE SPRINGS,ABC,May-2025
Taylors Road,TAYLORS HILL,ABC,May-2025
Thompsons Road,LYNDHURST,ABC,Nov-2024
Tomahawk Creek Road,PIRRON YALLOCK,ABC,Aug-2024
Traralgon Creek Road,TRARALGON SOUTH,ABC,T
Traralgon-Maffra Road,GLENGARRY,ABC,T
Traralgon-Maffra Road,HEYFIELD,ABC,May-2025
Victoria Cross  Parade,WODONGA,ABC,Apr-2025
Victoria Street,BRUNSWICK,ABC,Apr-2025
Victoria Street,BRUNSWICK WEST,ABC,Apr-2025
Vineyard Road,SUNBURY,ABC,Apr-2025
Wangaratta Road,WANGARATTA,ABC,Apr-2025
Wangaratta-Yarrawonga Road,KILLAWARRA,ABC,Apr-2025
Warburton Highway,WESBURN,ABC,Dec-2024
Warragul-Korumburra Road,WARRAGUL SOUTH,ABC,Dec-2024
Warrandyte Road,RINGWOOD NORTH,ABC,Jul-2024
Were Street,BRIGHTON,ABC,T
Westall Road,CLAYTON,ABC,May-2025
Western Freeway,ROCKBANK,ABC,May-2025
Western Highway,LEIGH CREEK,ABC,Mar-2025
Western Port Highway,SKYE,ABC,Sep-2024
Western Port Highway,LANGWARRIN,ABC,Nov-2024
Willis Street,HAMPTON,ABC,T
Woods Point Road,EAST WARBURTON,ABC,Dec-2024
Woods Point Road,MCMAHONS CREEK,ABC,Dec-2024
Woori Yallock Road,COCKATOO,ABC,Apr-2025
Woori Yallock Road,NANGANA,ABC,Apr-2025
York Street,BALLARAT EAST,ABC,Aug-2024
1,COBRAM,ABCD,Jul-2024
Airport Drive,MELBOURNE AIRPORT,ABCD,T
Aitken Boulevard,CRAIGIEBURN,ABCD,Apr-2025
Albert Road,SOUTH MELBOURNE,ABCD,T
Alfred Street,HEIDELBERG HEIGHTS,ABCD,Dec-2024
Allan Street,KYABRAM,ABCD,Apr-2025
Anderson Road,SUNSHINE,ABCD,May-2025
Andersons Creek Road,DONCASTER EAST,ABCD,May-2025
Anzac Avenue,SEYMOUR,ABCD,T
Anzac Parade,BANDIANA,ABCD,Apr-2025
Ararat Road,STAWELL,ABCD,Apr-2025
Arcadia Avenue,THE BASIN,ABCD,Jul-2024
Ashcroft Avenue,WILLIAMS LANDING,ABCD,Jun-2025
Atherton Road,OAKLEIGH,ABCD,May-2025
Averys Road,EAGLEHAWK,ABCD,Apr-2025
Bacchus Marsh Road,LITTLE RIVER,ABCD,T
Bacchus Marsh Road,CORIO,ABCD,T
Back Porepunkah Road,POREPUNKAH,ABCD,Apr-2025
Ballarat Road,DEER PARK,ABCD,May-2025
Bandiana Link Road,WODONGA,ABCD,Apr-2025
Bank Street,TRARALGON,ABCD,Oct-2024
Banyule Road,VIEWBANK,ABCD,Feb-2025
Baranduda Boulevard,BARANDUDA,ABCD,Apr-2025
Baranduda Boulevard,LENEVA,ABCD,Apr-2025
Barkly Street,ARARAT,ABCD,Apr-2025
Barmah-Shepparton Road,BUNBARTHA,ABCD,May-2025
Barrands Lane,DRYSDALE,ABCD,Aug-2024
Bass Highway,LANG LANG,ABCD,T
Bass Highway,ANDERSON,ABCD,Dec-2024
Bass Highway,DALYSTON,ABCD,Dec-2024
Bass Highway,KILCUNDA,ABCD,Dec-2024
Batesford Road,CHADSTONE,ABCD,T
Beach Road,BLACK ROCK,ABCD,T
Beaconsfield Parade,MIDDLE PARK,ABCD,Feb-2025
Beechworth Road,WODONGA,ABCD,Apr-2025
Beek Street,KATAMATITE,ABCD,Jul-2024
Bell Street,HEIDELBERG WEST,ABCD,Feb-2025
Berkshire Road,SUNSHINE NORTH,ABCD,May-2025
Billson Street,WONTHAGGI,ABCD,Dec-2024
Birchwood Boulevard,HOPPERS CROSSING,ABCD,Jun-2025
Black Dog Drive,BROOKFIELD,ABCD,May-2025
Blackgate Road,CONNEWARRE,ABCD,Aug-2024
Bogong High Plains Road,FALLS CREEK,ABCD,Mar-2025
Bolton Street,ELTHAM,ABCD,Feb-2025
Boundary Road,BRAESIDE,ABCD,T
Bowden Street,CASTLEMAINE,ABCD,May-2025
Bowser Road,NORTH WANGARATTA,ABCD,Aug-2024
Bridle Road,MORWELL,ABCD,T
Broadford-Kilmore Road,KILMORE,ABCD,Aug-2024
Broadhurst Avenue,RESERVOIR,ABCD,Feb-2025
Brooklyn Road,BROOKFIELD,ABCD,May-2025
Bulban Road,WERRIBEE,ABCD,Jun-2025
Bulla Road,ESSENDON NORTH,ABCD,T
Bulla Road,BULLA,ABCD,Apr-2025
Bulla Road,STRATHMORE,ABCD,Apr-2025
Bungower Road,SOMERVILLE,ABCD,Sep-2024
Bungower Road,MOOROODUC,ABCD,Jan-2025
Burton Avenue,KYNETON,ABCD,T
Burwood Highway,WANTIRNA SOUTH,ABCD,T
Burwood Highway,WANTIRNA,ABCD,Mar-2025
Butterworth Street,SWAN HILL,ABCD,Apr-2025
Calder Alternative Highway,LOCKWOOD SOUTH,ABCD,Oct-2024
Calder Freeway,KEILOR NORTH,ABCD,May-2025
Calder Highway,CHARLTON,ABCD,Oct-2024
Calder Highway,WYCHEPROOF,ABCD,Oct-2024
Calder Highway,MARONG,ABCD,Apr-2025
Calder Highway,IRYMPLE,ABCD,Apr-2025
Calder Highway,RED CLIFFS,ABCD,Apr-2025
Calder Highway,YATPOOL,ABCD,Apr-2025
Calder Park Drive,SYDENHAM,ABCD,May-2025
Canterbury Road,MIDDLE PARK,ABCD,Feb-2025
Carlisle Street,WUNGHNU,ABCD,Jul-2024
Carpenter Street,QUARRY HILL,ABCD,Apr-2025
Centenary Avenue,MELTON,ABCD,May-2025
Channel Road,SHEPPARTON,ABCD,May-2025
Childs Road,LALOR,ABCD,Feb-2025
Childs Road,MILL PARK,ABCD,Feb-2025
Chisholm Street,BLACK HILL,ABCD,T
Chum Creek Road,HEALESVILLE,ABCD,Aug-2024
Churchill Avenue,BRAYBROOK,ABCD,Apr-2025
Clyde Road,BERWICK,ABCD,Nov-2024
Cobb And Co Road,CARLSRUHE,ABCD,T
Colac Road,HIGHTON,ABCD,T
Colac-Ballarat Road,CAMBRIAN HILL,ABCD,Aug-2024
Commercial Road,MORWELL,ABCD,Oct-2024
Condon Street,KENNINGTON,ABCD,Apr-2025
Cook Street,PORT MELBOURNE,ABCD,T
Craigieburn Road,WOLLERT,ABCD,T
Creswick Road,BALLARAT CENTRAL,ABCD,T
Creswick-Newstead Road,CAMPBELLTOWN,ABCD,Aug-2024
Crowlands Road,STAWELL,ABCD,Apr-2025
Crusoe Road,KANGAROO FLAT,ABCD,Apr-2025
Cumberland Road,PASCOE VALE,ABCD,Apr-2025
Cuthbert Avenue,TRUGANINA,ABCD,Jun-2025
Cuthberts Road,LUCAS,ABCD,Aug-2024
Da Vinci Drive,SHEPPARTON,ABCD,May-2025
Dalton Road,EPPING,ABCD,T
Dandenong Road,CAULFIELD NORTH,ABCD,T
Dandenong Road,MALVERN,ABCD,T
Dandenong Road,PRAHRAN,ABCD,Mar-2025
Dandenong Road,WINDSOR,ABCD,Mar-2025
Danks Street,MIDDLE PARK,ABCD,Feb-2025
Daylesford-Malmsbury Road,DENVER,ABCD,Mar-2025
Delta Road,GREENSBOROUGH,ABCD,Feb-2025
Derrimut Road,HOPPERS CROSSING,ABCD,Jun-2025
Diggers Rest Coimadai Road,TOOLERN VALE,ABCD,May-2025
Diggers Rest-Coimadai Road,COIMADAI,ABCD,Mar-2025
Dimboola Road,HORSHAM,ABCD,May-2025
Dingley Bypass,DINGLEY VILLAGE,ABCD,T
Dingley Bypass,CLARINDA,ABCD,T
Dohertys Road,ALTONA NORTH,ABCD,T
Dromana Parade,SAFETY BEACH,ABCD,Sep-2024
Duke Street,SUNSHINE,ABCD,May-2025
Dwyer Street,KALKALLO,ABCD,Apr-2025
Dynon Road,WEST MELBOURNE,ABCD,Apr-2025
Earl Street,KEW,ABCD,T
Edgars Road,LALOR,ABCD,Feb-2025
Edwards Road,JACKASS FLAT,ABCD,Apr-2025
Eighth Street,MILDURA,ABCD,Apr-2025
Eleventh Street,MILDURA,ABCD,Apr-2025
Elizabeth Street,NATHALIA,ABCD,Aug-2024
Eltham-Yarra Glen Road,KANGAROO GROUND,ABCD,Feb-2025
Emily Street,SEYMOUR,ABCD,T
Epping Road,WOLLERT,ABCD,Feb-2025
Eramosa Rd East Road,SOMERVILLE,ABCD,Nov-2024
Esplanade,BRIGHTON,ABCD,T
Esplanade,MOUNT MARTHA,ABCD,Jul-2024
Etiwanda Avenue,MILDURA,ABCD,Apr-2025
Exford Road,EXFORD,ABCD,May-2025
Fairbank Road,CLAYTON SOUTH,ABCD,T
Fellmongers Road,BREAKWATER,ABCD,Aug-2024
Ferntree Gully Road,CLAYTON,ABCD,T
Ferntree Gully Road,SCORESBY,ABCD,Mar-2025
Ferntree Gully Road,WHEELERS HILL,ABCD,May-2025
Fifteenth Street,MILDURA,ABCD,Jun-2024
Finch Street,MALVERN EAST,ABCD,Mar-2025
Fischer Street,TORQUAY,ABCD,Aug-2024
Fisken Street,BACCHUS MARSH,ABCD,Mar-2025
Fitzroy Avenue,RED CLIFFS,ABCD,T
Fitzsimons Lane,TEMPLESTOWE,ABCD,May-2025
Flaxman Street,WARRNAMBOOL,ABCD,Nov-2024
Flora Avenue,MILDURA,ABCD,Apr-2025
Fourteenth Street,MILDURA,ABCD,Apr-2025
Frankston-Dandenong Road,FRANKSTON NORTH,ABCD,Jul-2024
Frankston-Dandenong Road,SEAFORD,ABCD,Sep-2024
Frankston-Flinders Road,FRANKSTON SOUTH,ABCD,T
Frankston-Flinders Road,SOMERVILLE,ABCD,Sep-2024
Frankston-Flinders Road,TYABB,ABCD,Sep-2024
Gayview Drive,WODONGA WEST,ABCD,Apr-2025
Geelong Road,BROOKLYN,ABCD,T
Geelong Road,BANNOCKBURN,ABCD,Mar-2025
Gilbert Road,RESERVOIR,ABCD,Feb-2025
Gillies Road,BALD HILLS,ABCD,Aug-2024
Gisborne Road,COIMADAI,ABCD,Mar-2025
Gisborne-Melton Road,KURUNJANG,ABCD,May-2025
Gisbourne Road,DARLEY,ABCD,Mar-2025
Golf Links Road,BARWON HEADS,ABCD,Aug-2024
Gordons Road,SOUTH MORANG,ABCD,Feb-2025
Goulburn Valley Highway,KIALLA WEST,ABCD,T
Goulburn Valley Highway,NUMURKAH,ABCD,Apr-2025
Goulburn Valley Highway,WUNGHNU,ABCD,Apr-2025
Goulburn Valley Highway,SEYMOUR,ABCD,Apr-2025
Goynes Road,EPSOM,ABCD,Apr-2025
Great Alpine Road,POREPUNKAH,ABCD,Apr-2025
Great Ocean  Road,ANGLESEA,ABCD,Aug-2024
Great Ocean Road,PORT CAMPBELL,ABCD,Dec-2024
Green Gully Road,KEILOR DOWNS,ABCD,T
Greensborough Road,GREENSBOROUGH,ABCD,Feb-2025
Greigs Road,STRATHTULLOH,ABCD,May-2025
Grieve Parade,ALTONA NORTH,ABCD,T
Guys Hill Road,STRATHFIELDSAYE,ABCD,Apr-2025
Hamilton Highway,BERRYBANK,ABCD,Dec-2024
Hamilton Street,PETERBOROUGH,ABCD,T
Hamilton Street,BROADFORD,ABCD,T
Hampton Street,BRIGHTON,ABCD,T
Hargraves Street,CASTLEMAINE,ABCD,May-2025
Haverbrack Drive,MULGRAVE,ABCD,May-2025
Healesville-Kinglake Road,CHUM CREEK,ABCD,Jul-2024
Heaths Road,HOPPERS CROSSING,ABCD,Jun-2025
Heidelberg-Kinglake Road,COTTLES BRIDGE,ABCD,Feb-2025
Henty Highway,HAVEN,ABCD,May-2025
Henty Street,RESERVOIR,ABCD,Feb-2025
Heyers Road,GROVEDALE,ABCD,Aug-2024
High Street,LEARMONTH,ABCD,T
High Street,KANGAROO FLAT,ABCD,T
High Street,BROADFORD,ABCD,Aug-2024
High Street,WEDDERBURN,ABCD,Oct-2024
High Street,WINDSOR,ABCD,Mar-2025
High Street,SEYMOUR,ABCD,Apr-2025
High Street,ARARAT,ABCD,May-2025
High Street Road,GLEN WAVERLEY,ABCD,T
Highett Road,HIGHETT,ABCD,T
Hillcrest Avenue,KEW EAST,ABCD,May-2025
Holdsworth Road,NORTH BENDIGO,ABCD,Apr-2025
Holdsworth Road,WHITE HILLS,ABCD,Apr-2025
Hopetoun Road,DROUIN,ABCD,Sep-2024
Hopkins Road,TRUGANINA,ABCD,May-2025
Horace Street,SEA LAKE,ABCD,Nov-2024
Hotham Road,SORRENTO,ABCD,Sep-2024
Hotham Street,RIPPONLEA,ABCD,Feb-2025
Hume Freeway,BARNAWARTHA NORTH,ABCD,Apr-2025
Hume Freeway,WODONGA,ABCD,Apr-2025
Humffray Street N,BROWN HILL,ABCD,T
Huntingdale Road,OAKLEIGH SOUTH,ABCD,May-2025
Inglis Street,BALLAN,ABCD,Mar-2025
Inkerman Street,MARYBOROUGH,ABCD,May-2025
Jacaranda Street,RED CLIFFS,ABCD,Jun-2025
John Field Drive,NEWBOROUGH,ABCD,Sep-2024
Kangaroo Ground-St Andrews Road,PANTON HILL,ABCD,Feb-2025
Karook Street,COBRAM,ABCD,Apr-2025
Keilor Park Drive,KEILOR PARK,ABCD,May-2025
Kennedy Street,CASTLEMAINE,ABCD,May-2025
Kialla Lakes Drive,KIALLA,ABCD,May-2025
Kiewa East Road,KIEWA,ABCD,Apr-2025
Kiewa Valley  Highway,TAWONGA,ABCD,Mar-2025
Kiewa Valley  Highway,KERGUNYAH,ABCD,Apr-2025
Kiewa Valley  Highway,DEDERANG,ABCD,Apr-2025
Kiewa Valley Highway,BANDIANA,ABCD,Nov-2024
Kiewa Valley Highway,TAWONGA,ABCD,Mar-2025
Kiewa Valley Highway,TAWONGA SOUTH,ABCD,Mar-2025
Kiewa Valley Highway,BARANDUDA,ABCD,Apr-2025
Kiewa Valley Highway,MOUNT BEAUTY,ABCD,Apr-2025
Kilmore - Lancefield Road,KILMORE,ABCD,T
King Street,TEMPLESTOWE,ABCD,Feb-2025
Kinglake Drive,WYNDHAM VALE,ABCD,Jan-2025
Kings Road,DELAHEY,ABCD,May-2025
Kings Road,KINGS PARK,ABCD,May-2025
Kings Road,TAYLORS LAKES,ABCD,May-2025
Kings Way,MELBOURNE,ABCD,T
Kingsbury Drive,BUNDOORA,ABCD,T
Korumburra Road,WONTHAGGI,ABCD,Dec-2024
Kurrak Road,YARRAMBAT,ABCD,Feb-2025
Labuan Road,NUMURKAH,ABCD,Apr-2025
Lakeside Drive,MELBOURNE,ABCD,T
Lakeside Drive,ST KILDA,ABCD,T
Lambert Street,ARARAT,ABCD,Apr-2025
Latrobe Road,MORWELL,ABCD,Oct-2024
LaTrobe Street,REDAN,ABCD,Aug-2024
Lincoln Causeway,GATEWAY ISLAND,ABCD,Aug-2024
Lithgow Street,BEVERIDGE,ABCD,T
Lloyd Street,MOE,ABCD,T
Lockharts Gap Road,CHARLEROI,ABCD,Apr-2025
Lower Heidelberg Road,IVANHOE EAST,ABCD,T
Maffra-Sale Road,MAFFRA,ABCD,May-2025
Maiden Gully Road,MAIDEN GULLY,ABCD,Apr-2025
Main Road,CAMPBELLS CREEK,ABCD,T
Main Road,LOWER PLENTY,ABCD,Feb-2025
Main Road East,ST ALBANS,ABCD,May-2025
Main Road West,ST ALBANS,ABCD,May-2025
Main South Road,DROUIN,ABCD,Sep-2024
Main Street,STRATHMERTON,ABCD,Jul-2024
Main Street,BLACKBURN,ABCD,May-2025
Mallee,MURRAYVILLE,ABCD,Feb-2025
Mansfield Whitfield Road,MANSFIELD,ABCD,Oct-2024
Marong Road,IRONBARK,ABCD,T
Maroondah Highway,COLDSTREAM,ABCD,Jul-2024
Mary Street,HEYFIELD,ABCD,May-2025
Maryborough-Dunolly Road,HAVELOCK,ABCD,May-2025
Marysville Buxton Road,MARYSVILLE,ABCD,Oct-2024
Mason Street,NEWPORT,ABCD,Jun-2025
Mason Street,ALTONA NORTH,ABCD,Jun-2025
Mccormicks Road,SANDHURST,ABCD,T
McIntosh Road,ALTONA NORTH,ABCD,Jun-2025
McIntyre Road,SUNSHINE NORTH,ABCD,May-2025
Mclennan Street,MOOROOPNA,ABCD,T
Mcpherson Street,HORSHAM,ABCD,May-2025
Melaluka Road,LEOPOLD,ABCD,Aug-2024
Melba Highway,DIXONS CREEK,ABCD,Jul-2024
Melbourne Road,NORTH GEELONG,ABCD,T
Melbourne Road,RYE,ABCD,Sep-2024
Melrose Drive,TULLAMARINE,ABCD,T
Melrose Drive,WODONGA,ABCD,Apr-2025
Melton Highway,TAYLORS LAKES,ABCD,T
Melton Highway,MELTON,ABCD,May-2025
Melton Road,GISBORNE,ABCD,T
Merriang Road,BEVERIDGE,ABCD,Feb-2025
Midland Highway,EPSOM,ABCD,T
Midland Highway,MOOROOPNA,ABCD,May-2025
Monbulk Road,MOUNT EVELYN,ABCD,T
Montague Street,SOUTH MELBOURNE,ABCD,Feb-2025
Moorooduc Highway,MOUNT ELIZA,ABCD,T
Moreland Street,FOOTSCRAY,ABCD,T
Mornington Peninsula Freeway,PATTERSON LAKES,ABCD,T
Mornington Peninsula Freeway,DROMANA,ABCD,Sep-2024
Mornington-Tyabb Road,TYABB,ABCD,Sep-2024
Mount Pleasant Road,ELTHAM,ABCD,Feb-2025
Murray Valley Highway,YIELIMA,ABCD,Jul-2024
Murray Valley Highway,COBRAM,ABCD,Jul-2024
Murray Valley Highway,BARNAWARTHA,ABCD,Apr-2025
Murray Valley Highway,BUNDALONG,ABCD,Apr-2025
Murray Valley Highway,KOTUPNA,ABCD,Apr-2025
Murray Valley Highway,NATHALIA,ABCD,Apr-2025
Murray Valley Highway,YARRAWONGA,ABCD,Apr-2025
Myrtle Street,MYRTLEFORD,ABCD,Sep-2024
Narracan Drive,NEWBOROUGH,ABCD,Sep-2024
Natimuk Road,HORSHAM,ABCD,May-2025
Navigators Road,NAVIGATORS,ABCD,Aug-2024
Neill Street,BEAUFORT,ABCD,Apr-2025
Nelson Street,NHILL,ABCD,May-2025
Nepean Highway,BRIGHTON EAST,ABCD,T
Nepean Highway,MENTONE,ABCD,T
Nepean Highway,CHELSEA,ABCD,T
Nepean Highway,EDITHVALE,ABCD,T
Nepean Highway,SEAFORD,ABCD,Sep-2024
Nicholson Street,COBURG,ABCD,Apr-2025
Ninth Street,MILDURA,ABCD,Apr-2025
Nolan Street,NORTH BENDIGO,ABCD,Apr-2025
Northern Highway,WALLAN,ABCD,T
Northern Highway,KILMORE,ABCD,Aug-2024
Northern Highway Offramp,BEVERIDGE,ABCD,T
Northgate Drive,THOMASTOWN,ABCD,Feb-2025
Numurkah Road,STRATHMERTON,ABCD,Jul-2024
Oaklands Road,GREENVALE,ABCD,T
Old Geelong Road,HOPPERS CROSSING,ABCD,T
Old Geelong Road,LAVERTON NORTH,ABCD,T
Old Melbourne Road,GORDON,ABCD,Mar-2025
Omeo Highway,MITTA MITTA,ABCD,Apr-2025
Ontario Avenue,MILDURA,ABCD,Apr-2025
Overton Road,WILLIAMS LANDING,ABCD,Jun-2025
Pakenham Road,PAKENHAM,ABCD,T
Park Street,SOUTH YARRA,ABCD,Apr-2025
Parkhill Road,KEW,ABCD,May-2025
Pascoe Vale Road,COOLAROO,ABCD,T
Pascoe Vale Road,MEADOW HEIGHTS,ABCD,Aug-2024
Perkins Road,LARA,ABCD,Aug-2024
Phillip Island Road,COWES,ABCD,Jan-2025
Phillip Island Road,NEWHAVEN,ABCD,Jan-2025
Phillip Island Road,SAN REMO,ABCD,Jan-2025
Pickles Street,ALBERT PARK,ABCD,Feb-2025
Pitfield-Scarsdale Road,CAPE CLEAR,ABCD,Mar-2025
Pitfield-Scarsdale Road,SPRINGDALLAH,ABCD,Mar-2025
Plenty Road,BUNDOORA,ABCD,T
Plenty Road,MILL PARK,ABCD,T
Plenty Road,RESERVOIR,ABCD,Feb-2025
Plumpton Road,FRASER RISE,ABCD,May-2025
Plumpton Road,PLUMPTON,ABCD,May-2025
Point Cook Road,POINT COOK,ABCD,Jun-2025
Point Nepean Road,ROSEBUD,ABCD,T
Pound Road,HAMPTON PARK,ABCD,Nov-2024
Princes  Freeway,WARRAGUL,ABCD,Dec-2024
Princes  Highway,MOE,ABCD,T
Princes Drive,MORWELL,ABCD,T
Princes Freeway,BUNYIP NORTH,ABCD,T
Princes Freeway,MORWELL,ABCD,T
Princes Freeway,NEWBOROUGH,ABCD,T
Princes Freeway,DROUIN,ABCD,Dec-2024
Princes Freeway,LONGWARRY,ABCD,Dec-2024
Princes Freeway,LONGWARRY NORTH,ABCD,Dec-2024
Princes Freeway,NAR NAR GOON,ABCD,Apr-2025
Princes Highway,FLYNN,ABCD,T
Princes Highway,MOE,ABCD,T
Princes Highway,TRARALGON EAST,ABCD,T
Princes Highway,YARRAGON,ABCD,Sep-2024
Princes Highway,TRARALGON,ABCD,Oct-2024
Princes Highway,BERWICK,ABCD,Nov-2024
Princes Highway,OFFICER,ABCD,Apr-2025
Princes Highway,PAKENHAM,ABCD,Apr-2025
Princes Highway,WERRIBEE,ABCD,Jun-2025
Princes Street,TRARALGON,ABCD,Oct-2024
Princes Street,ARARAT,ABCD,Apr-2025
Princes Way,LONGWARRY NORTH,ABCD,Sep-2024
Princes Way,DROUIN,ABCD,Dec-2024
Princes Way,WARRAGUL,ABCD,Dec-2024
Purnell Road,CORIO,ABCD,Aug-2024
Queen Street,ALTONA,ABCD,T
Queen Street,WARRAGUL,ABCD,Dec-2024
Racecourse Road,COBRAM,ABCD,Jul-2024
Radford Road,RESERVOIR,ABCD,Feb-2025
Ranfurly Way,MILDURA,ABCD,Apr-2025
Ring Road,ALFREDTON,ABCD,Aug-2024
River Avenue,MERBEIN SOUTH,ABCD,Feb-2025
Riverview Drive,KIALLA,ABCD,T
Roberts Street,WEST FOOTSCRAY,ABCD,Jun-2025
Rockbank Middle Road,CAROLINE SPRINGS,ABCD,May-2025
Rowan Street,WANGARATTA,ABCD,Apr-2025
Ryans Road,ELTHAM NORTH,ABCD,Feb-2025
Ryrie Street,EAST GEELONG,ABCD,T
San Mateo Avenue,MILDURA,ABCD,Apr-2025
Sandhurst Road,CALIFORNIA GULLY,ABCD,Apr-2025
Saxton Street,NUMURKAH,ABCD,Jul-2024
Sayers Road,TARNEIT,ABCD,T
Sayers Road,TRUGANINA,ABCD,T
Schoolhall Street,OAKLEIGH,ABCD,Feb-2025
Schotters Road,MERNDA,ABCD,Feb-2025
Scott Parade,BROWN HILL,ABCD,Aug-2024
Seventh Street,MILDURA,ABCD,Apr-2025
Seventh Street E,MILDURA,ABCD,T
Sharps Road,TULLAMARINE,ABCD,Apr-2025
Sixteenth Street,IRYMPLE,ABCD,Apr-2025
Skipton Street,REDAN,ABCD,Aug-2024
Skye Road,FRANKSTON,ABCD,Nov-2024
Smiths Lane,PEARCEDALE,ABCD,Nov-2024
Snake Gully Drive,BUNDOORA,ABCD,T
Snow Road,OXLEY,ABCD,Aug-2024
Somerville Road,SUNSHINE WEST,ABCD,May-2025
South Centre Road,MELBOURNE AIRPORT,ABCD,Apr-2025
South Centre Road,TULLAMARINE,ABCD,Apr-2025
South Gippsland Highway,KOO WEE RUP,ABCD,T
South Gippsland Highway,DANDENONG SOUTH,ABCD,T
South Gippsland Highway,CLYDE,ABCD,Nov-2024
South Gippsland Highway,CRANBOURNE EAST,ABCD,Nov-2024
South Gippsland Highway,DEVON MEADOWS,ABCD,Nov-2024
South Gippsland Highway,LEONGATHA,ABCD,Dec-2024
South Valley Road,HIGHTON,ABCD,Aug-2024
Specimen Hill Road,GOLDEN SQUARE,ABCD,T
Spencer Street,MELBOURNE,ABCD,Apr-2025
Spring Gully Road,SPRING GULLY,ABCD,Apr-2025
Spring Street,PRESTON,ABCD,Feb-2025
Springbank Road,BULLAROOK,ABCD,Mar-2025
Springvale Road,FOREST HILL,ABCD,May-2025
St Aidans Road,KENNINGTON,ABCD,Apr-2025
St Albans Road,ST ALBANS,ABCD,May-2025
St Albans Road,SUNSHINE NORTH,ABCD,May-2025
St Georges Road,CORIO,ABCD,Aug-2024
St Helena Road,ST HELENA,ABCD,Feb-2025
St Kilda Road,ST KILDA,ABCD,Feb-2025
Stanley Road,SILVER CREEK,ABCD,Apr-2025
Station Street,EPSOM,ABCD,Apr-2025
Stawell Road,HORSHAM,ABCD,May-2025
Strickland Road,EAST BENDIGO,ABCD,Apr-2025
Suffolk Street,WEST FOOTSCRAY,ABCD,Jun-2025
Sydney Road,CAMPBELLFIELD,ABCD,Apr-2025
Sydney Road,CRAIGIEBURN,ABCD,Apr-2025
Sydney Road,FAWKNER,ABCD,Apr-2025
Tallarook Street,SEYMOUR,ABCD,T
Tarneit Road,TARNEIT,ABCD,T
Tarneit Road,WERRIBEE,ABCD,T
Taylor Street,ASCOT,ABCD,Apr-2025
Taylors Road,KEILOR DOWNS,ABCD,May-2025
Telford Street,YARRAWONGA,ABCD,Jul-2024
Thompson Road,BANGHOLME,ABCD,T
Thornhill Road,HIGHTON,ABCD,Aug-2024
Todd Road,PORT MELBOURNE,ABCD,T
Tone Road,WANGARATTA,ABCD,Aug-2024
Toorak Road,SOUTH YARRA,ABCD,Mar-2025
Toorak Road,TOORAK,ABCD,Mar-2025
Tooronga Road,GLEN IRIS,ABCD,Mar-2025
Torquay Road,GROVEDALE,ABCD,Aug-2024
Townsend Road,NEWCOMB,ABCD,Aug-2024
Trafalgar-Mirboo North Road,TRAFALGAR SOUTH,ABCD,Dec-2024
Traralgon-Maffra Road,COWWARR,ABCD,May-2025
Trentham Road,KYNETON,ABCD,T
Truemans Road,CAPEL SOUND,ABCD,T
Twenty Second Street,RED CLIFFS,ABCD,Feb-2025
Upper California Gully Road,CALIFORNIA GULLY,ABCD,Apr-2025
Victa Road,EAST BENDIGO,ABCD,Apr-2025
Victoria Road,NORTHCOTE,ABCD,Feb-2025
Victoria Road,THORNBURY,ABCD,Feb-2025
Victoria Street,CARISBROOK,ABCD,May-2025
Waiora Road,HEIDELBERG HEIGHTS,ABCD,Feb-2025
Wallington-Ocean Grove Road,WALLINGTON,ABCD,Aug-2024
Walnut Avenue,MILDURA,ABCD,Apr-2025
Wanda Street,MULGRAVE,ABCD,May-2025
Wangaratta-Whitfield Road,WANGARATTA,ABCD,Aug-2024
Wangaratta-Yarrawonga Road,WALDARA,ABCD,Apr-2025
Warburton Highway,SEVILLE,ABCD,Dec-2024
Warralily Boulevard,ARMSTRONG CREEK,ABCD,Aug-2024
Warrigal Road,HEATHERTON,ABCD,T
Warrigal Road,CHADSTONE,ABCD,T
Watson Street,WALLAN,ABCD,T
Wattle Valley Road,CAMBERWELL,ABCD,May-2025
Webb Dock Drive,PORT MELBOURNE,ABCD,T
Wellington Road,CLAYTON,ABCD,T
Wellington Road,WHEELERS HILL,ABCD,T
Wellington Street,STRATHFIELDSAYE,ABCD,Apr-2025
Wells Road,ASPENDALE GARDENS,ABCD,T
Wells Road,CHELSEA HEIGHTS,ABCD,T
Western Freeway,TRUGANINA,ABCD,T
Western Freeway,BACCHUS MARSH,ABCD,Mar-2025
Western Freeway,BALLAN,ABCD,Mar-2025
Western Freeway,MELTON,ABCD,May-2025
Western Highway,CAROLINE SPRINGS,ABCD,T
Western Highway,WARRENHEIP,ABCD,Jul-2024
Western Highway,BEAUFORT,ABCD,Aug-2024
Western Highway,WINDERMERE,ABCD,Aug-2024
Western Highway,GREAT WESTERN,ABCD,Oct-2024
Western Highway,STAWELL,ABCD,Apr-2025
Western Highway,KANIVA,ABCD,May-2025
Westwood Drive,BURNSIDE,ABCD,May-2025
Westwood Drive,CAROLINE SPRINGS,ABCD,May-2025
Whitelaw Avenue,DELACOMBE,ABCD,Aug-2024
Whittlesea-Yea Road,WHITTLESEA,ABCD,Feb-2025
Wickham Road,HIGHETT,ABCD,T
Williams Road,HORSHAM,ABCD,May-2025
Williamson Street,BENDIGO,ABCD,Apr-2025
Williamsons Road,TEMPLESTOWE,ABCD,Feb-2025
Wiltshire Lane,WINTER VALLEY,ABCD,Apr-2025
Wimmera Highway,MURTOA,ABCD,May-2025
Wimmera Highway,NEWBRIDGE,ABCD,May-2025
Winmalee Road,BALWYN,ABCD,May-2025
Witt Street,YARRAWONGA,ABCD,Jul-2024
Worsley Road,BANGHOLME,ABCD,Aug-2024
Wright Street,SUNSHINE,ABCD,May-2025
Wurundjeri Way,DOCKLANDS,ABCD,Apr-2025
Yarra Boulevard,BURNLEY,ABCD,Apr-2025
Yarra Boulevard,RICHMOND,ABCD,Apr-2025
Yarra Boulevard,KEW,ABCD,May-2025
Auburn Road,HAWTHORN,ABD,May-2025
Main Neerim Road,NEERIM JUNCTION,ABD,Dec-2024
Allies Road,MYERS FLAT,AC,Apr-2025
Ararat-Halls Gap Road,MOYSTON,AC,Oct-2024
Ararat-Halls Gap Road,JALLUKAR,AC,May-2025
Arthurs Creek Road,YAN YEAN,AC,Feb-2025
Balcombe Road,MENTONE,AC,T
Ballarat  Road,ARDEER,AC,May-2025
Ballarat Road,ALBION,AC,May-2025
Bannons Lane,YARRAMBAT,AC,Feb-2025
Barkly Street,FOOTSCRAY,AC,Jun-2025
Barmah-Shepparton Road,ZEERUST,AC,May-2025
Bass Highway,LANG LANG SOUTH,AC,Sep-2024
Beach Road,BEAUMARIS,AC,T
Beaconsfield-Emerald Road,DEWHURST,AC,Apr-2025
Bell Street,COBURG,AC,Apr-2025
Bendigo-Maryborough Road,LOCKWOOD,AC,Apr-2025
Bendigo-Maryborough Road,SHELBOURNE,AC,Apr-2025
Birregurra Forrest  Road,BARWON DOWNS,AC,Aug-2024
Birregurra Forrest Road,MURROON,AC,Aug-2024
Borung Highway,WOOROONOOK,AC,Mar-2025
Bourke Road,CLARINDA,AC,T
Brandy Creek Road,WARRAGUL,AC,Dec-2024
Broadway,RESERVOIR,AC,Feb-2025
Bruthen-Nowa Nowa Road,BRUTHEN,AC,Nov-2024
Calder Highway,BIRDWOODTON,AC,Apr-2025
Calder Highway,HATTAH,AC,Apr-2025
Canterbury Road,BAYSWATER NORTH,AC,Jul-2024
Centenary Drive,MILL PARK,AC,Feb-2025
Centre Dandenong Road,MOORABBIN AIRPORT,AC,T
Centre Road,BENTLEIGH EAST,AC,T
Centre Road,OAKLEIGH SOUTH,AC,T
Cherry Tree Road,PANTON HILL,AC,Feb-2025
Christies Road,LEOPOLD,AC,Aug-2024
Churchill-Traralgon Road,TRARALGON,AC,T
Clarinda Road,CLARINDA,AC,T
Coates Road,LAKES ENTRANCE,AC,Nov-2024
Colac Forrest Road,YEODENE,AC,Aug-2024
Cox Road,NORLANE,AC,Aug-2024
Craigieburn Road,WOLLERT,AC,Feb-2025
Cureton Avenue,MILDURA,AC,Apr-2025
Dingley Bypass,HEATHERTON,AC,T
Doctors Gully Road,DOREEN,AC,Feb-2025
Don Road,BADGER CREEK,AC,Jul-2024
Drage Road,WODONGA,AC,Apr-2025
Dunkeld-Cavendish Road,MOUTAJUP,AC,Apr-2025
Edithvale Road,CHELSEA HEIGHTS,AC,T
Eltham-Yarra Glen Road,CHRISTMAS HILLS,AC,Feb-2025
Emu Creek Road,STRATHFIELDSAYE,AC,Apr-2025
Erskine Road,MACLEOD,AC,Feb-2025
Fifteenth Street,IRYMPLE,AC,Apr-2025
Gardenia Street,HORSHAM,AC,Oct-2024
George Street,SANDRINGHAM,AC,T
Glenelg Highway,LAKE BOLAC,AC,Oct-2024
Glenelg Highway,WICKLIFFE,AC,Oct-2024
Glenelg Highway,WARRAYURE,AC,Apr-2025
Glengarry West Road,GLENGARRY WEST,AC,T
Glenrowan-Myrtleford Road,LACEBY,AC,Apr-2025
Gordon Street,MAIDSTONE,AC,Jun-2025
Gorge Road,SOUTH MORANG,AC,Feb-2025
Goulburn Valley Highway,MOLESWORTH,AC,Apr-2025
Goulburn Valley Hwy,SHEPPARTON NORTH,AC,May-2025
Governor Road,BRAESIDE,AC,T
Grampians Road,MOKEPILLY,AC,Oct-2024
Grange Road,ALPHINGTON,AC,Feb-2025
Grants Road,WHITTLESEA,AC,Feb-2025
Gravesend Street,COLAC,AC,Aug-2024
Great Ocean Road,WONGARRA,AC,Aug-2024
Hallam South Road,HAMPTON PARK,AC,Nov-2024
Hamilton  Highway,WINGEEL,AC,Aug-2024
Hamilton Highway,MURGHEBOLUC,AC,Mar-2025
Hamilton Highway,STONEHAVEN,AC,Mar-2025
Heatherton Road,CLAYTON SOUTH,AC,T
High Street,RESERVOIR,AC,Feb-2025
High Street,GOLDEN SQUARE,AC,Apr-2025
High Street Road,WANTIRNA SOUTH,AC,Mar-2025
Hodder Street,BRIGHTON EAST,AC,T
Hull Road,CROYDON,AC,Jul-2024
Hume Freeway,VIOLET TOWN,AC,T
Hume Freeway,LOCKSLEY,AC,Apr-2025
Hume Freeway,WANGARATTA,AC,Apr-2025
James Mirams Drive,ROXBURGH PARK,AC,Apr-2025
Kangaroo Ground-St Andrews Road,KANGAROO GROUND,AC,Feb-2025
Keon Parade,KEON PARK,AC,Feb-2025
Kiewa Valley Highway,RUNNING CREEK,AC,Oct-2024
Kings Road,ST ALBANS,AC,May-2025
Kulkyne Way,IRAAK,AC,Apr-2025
Lower Dandenong Road,MORDIALLOC,AC,T
Lower Duneed Road,MOUNT DUNEED,AC,Aug-2024
Ludstone Street,HAMPTON,AC,T
Lygon Street,CARLTON NORTH,AC,Jan-2025
Main Road,MONTMORENCY,AC,Feb-2025
Mansfield-Woods Point Road,PIRIES,AC,Oct-2024
Maroondah Highway,BONNIE DOON,AC,Oct-2024
Maroondah Highway,MAINDAMPLE,AC,Oct-2024
Maroondah Highway,BUXTON,AC,Oct-2024
McGrath Road,WYNDHAM VALE,AC,Jun-2025
McIvor Highway,AXEDALE,AC,Apr-2025
Melba Highway,LIMESTONE,AC,Apr-2025
Melbourne-Lancefield Road,CLARKEFIELD,AC,Apr-2025
Melbourne-Lancefield Road,ROMSEY,AC,Apr-2025
Merton-Euroa Road,MERTON,AC,Oct-2024
Metung Road,SWAN REACH,AC,May-2025
Mickleham Road,MICKLEHAM,AC,Apr-2025
Mickleham Road,YUROKE,AC,Apr-2025
Midland Highway,BENALLA,AC,T
Midland Highway,LIMA,AC,T
Midland Highway,BATESFORD,AC,Aug-2024
Midland Highway,MANSFIELD,AC,Oct-2024
Miller Street,EPPING,AC,Feb-2025
Moe-Glengarry Road,YALLOURN NORTH,AC,T
Moe-Willow Grove Road,WILLOW GROVE,AC,Dec-2024
Mount Buller Road,MANSFIELD,AC,Oct-2024
Mount Ridley Road,CRAIGIEBURN,AC,Apr-2025
Murchison-Violet Town Road,ARCADIA SOUTH,AC,Apr-2025
Nicholson Street,ORBOST,AC,Nov-2024
Northern Highway,ARGYLE,AC,Apr-2025
Northern Highway,LADYS PASS,AC,Apr-2025
Oaklands Road,BULLA,AC,Apr-2025
Park Road,CHELTENHAM,AC,T
Pascoe Vale Road,OAK PARK,AC,Apr-2025
Pascoe Vale Road,PASCOE VALE,AC,Apr-2025
Phillip Island Road,SURF BEACH,AC,Sep-2024
Plenty Road,YAN YEAN,AC,Feb-2025
Portarlington Road,MOOLAP,AC,Aug-2024
Princes Freeway,BUNYIP,AC,Apr-2025
Princes Highway,HEYWOOD,AC,Apr-2025
Princes Highway,CLUB TERRACE,AC,May-2025
Princes Highway,GENOA,AC,May-2025
Queens Avenue,CAULFIELD EAST,AC,T
Raglan Street,PRESTON,AC,Feb-2025
Rattray Road,MONTMORENCY,AC,Feb-2025
Remembrance Drive,CARDIGAN,AC,Aug-2024
Reserve Road,CHELTENHAM,AC,T
Reynolds Road,TEMPLESTOWE,AC,May-2025
Riddell Road,SUNBURY,AC,Apr-2025
Selkirk Road,WOODSTOCK,AC,Feb-2025
Shanahan Parade,NEWBOROUGH,AC,T
Sixteenth Street,MILDURA SOUTH,AC,Apr-2025
Somerton Road,BULLA,AC,Apr-2025
Somerton Road,GREENVALE,AC,Apr-2025
South Gippsland Highway,LYNBROOK,AC,Nov-2024
South Gippsland Highway,LANG LANG,AC,Apr-2025
South Gippsland Highway,YARRAM,AC,May-2025
South Road,HAMPTON,AC,T
Springs Road,CLARINDA,AC,T
Springvale Road,KEYSBOROUGH,AC,Aug-2024
Station Street,FAIRFIELD,AC,Feb-2025
Stud Road,ROWVILLE,AC,Mar-2025
Taylors Road,ST ALBANS,AC,May-2025
Thomas Street,BRIGHTON EAST,AC,T
Tooronga Road,HAWTHORN EAST,AC,May-2025
Torbay Street,MACLEOD,AC,Feb-2025
Traralgon West Road,MARYVALE,AC,T
Warburton Highway,WOORI YALLOCK,AC,Dec-2024
Warrigal Road,BENTLEIGH EAST,AC,T
Wattle Glen-Kangaroo Ground Road,KANGAROO GROUND,AC,Feb-2025
Wattletree Road,MALVERN,AC,Feb-2025
Weatherall Road,CHELTENHAM,AC,T
Western Highway,DIMBOOLA,AC,Oct-2024
Western Highway,DRUNG,AC,Oct-2024
Western Highway,LAWLOIT,AC,Oct-2024
Western Highway,MIRAM,AC,Oct-2024
Willowgrove Road,TRAFALGAR,AC,Dec-2024
Wodonga-Yackandandah Road,BARANDUDA,AC,Apr-2025
Woodend-Tylden Road,TYLDEN,AC,Apr-2025
Yallambie Road,YALLAMBIE,AC,Feb-2025
Adam Street,GOLDEN SQUARE,ACD,Apr-2025
Avenue of Honour,WOODEND NORTH,ACD,Apr-2025
Ballarat-Maryborough Road,DAISY HILL,ACD,May-2025
Barkers Road,HAWTHORN EAST,ACD,May-2025
Barkers Road,KEW,ACD,May-2025
Beach Road,SANDRINGHAM,ACD,T
Bellarine Highway,LEOPOLD,ACD,Aug-2024
Bendigo-Pyramid Hill Road,RAYWOOD,ACD,Apr-2025
Blackburn Road,BLACKBURN SOUTH,ACD,May-2025
Burwood Highway,VERMONT SOUTH,ACD,May-2025
Buxton Marysville Road,MARYSVILLE,ACD,Oct-2024
CALDER ALTERNATIVE Highway,RAVENSWOOD,ACD,Apr-2025
Calder Freeway,MALMSBURY,ACD,Jan-2025
Calder Freeway,TARADALE,ACD,Jan-2025
Calder Freeway,KYNETON,ACD,Apr-2025
Calder Freeway,MACEDON,ACD,Apr-2025
Calder Freeway,ELPHINSTONE,ACD,May-2025
Calder Freeway,FARADAY,ACD,May-2025
Calder Freeway,RAVENSWOOD SOUTH,ACD,May-2025
Calder Highway,MAIDEN GULLY,ACD,Apr-2025
Calder Highway,RAVENSWOOD,ACD,Apr-2025
Calder Highway,RAVENSWOOD SOUTH,ACD,May-2025
Canterbury Road,VERMONT,ACD,May-2025
Chapel Street,SOUTH YARRA,ACD,Mar-2025
CRANE Street,JACKASS FLAT,ACD,Apr-2025
Edwards Road,MAIDEN GULLY,ACD,Apr-2025
Fulton Road,BLACKBURN SOUTH,ACD,May-2025
Garnett Road,WHEELERS HILL,ACD,May-2025
Gladesville Boulevard,PATTERSON LAKES,ACD,T
Glenferrie Road,HAWTHORN,ACD,May-2025
Great Alpine Road,EAST WANGARATTA,ACD,Apr-2025
Great Alpine Road,TARRAWINGEE,ACD,Apr-2025
Howitt Street,WARRAGUL,ACD,Dec-2024
Ironbark Road,YARRAMBAT,ACD,Feb-2025
Kilby Road,KEW EAST,ACD,May-2025
Lockwood Road,KANGAROO FLAT,ACD,Apr-2025
Loddon Valley Highway,WOODVALE,ACD,Apr-2025
Mansfield Whitfield Road,BRIDGE CREEK,ACD,Oct-2024
Marong Road,WEST BENDIGO,ACD,Apr-2025
Maroondah Highway,LILYDALE,ACD,Jul-2024
Maryborough-Ballarat Road,TALBOT,ACD,May-2025
Midland Highway,HUNTLY,ACD,Apr-2025
Murray Valley Highway,BAREP,ACD,Apr-2025
Murray Valley Highway,ECHUCA,ACD,Apr-2025
Murray Valley Highway,PEDERICK,ACD,Apr-2025
NORTHERN Highway,ELMORE,ACD,Apr-2025
Olympic Parade,KANGAROO FLAT,ACD,Apr-2025
Princes Freeway,DARNUM,ACD,Dec-2024
Princes Freeway,NILMA,ACD,Dec-2024
Princes Way,LONGWARRY,ACD,Dec-2024
Princess Street,KEW,ACD,May-2025
Sand Road,LONGWARRY,ACD,Dec-2024
Station Street,NUNAWADING,ACD,May-2025
Summerhill Road,GLEN IRIS,ACD,May-2025
Symonds Street,GOLDEN SQUARE,ACD,Apr-2025
Tannery Lane,MANDURANG,ACD,Apr-2025
Wellington Road,LYSTERFIELD,ACD,Jan-2025
Western Highway,BURRUMBEET,ACD,Aug-2024
Clarendon Street,EAST MELBOURNE,AD,Jan-2025
Lansdowne Street,EAST MELBOURNE,AD,Jan-2025
Woods Street,BEACONSFIELD,AD,Apr-2025
Anzac Road,TRAFALGAR,B,Jun-2025
Army Road,PAKENHAM,B,Apr-2025
Atkins Road,PAKENHAM,B,Apr-2025
Barkly Street West,ARARAT,B,May-2025
Baxter-Tooradin Road,PEARCEDALE,B,Nov-2024
Belgrave-Hallam Road,NARRE WARREN NORTH,B,Nov-2024
Brown Road,PAKENHAM,B,Apr-2025
Browns Road,BOTANIC RIDGE,B,Nov-2024
Campbell Street,ARARAT,B,May-2025
Centenary Avenue,MELTON WEST,B,May-2025
Craig Road,DEVON MEADOWS,B,T
Craig Road,CRANBOURNE SOUTH,B,Nov-2024
Duff Street,CRANBOURNE WEST,B,Nov-2024
Eltham-Yarra Glen Road,WATSONS CREEK,B,Feb-2025
Ernst Wanke Road,BERWICK,B,Nov-2024
Esplanade,ALTONA,B,May-2025
Finlayson Street,ROSANNA,B,Feb-2025
Glen Katherine Drive,ST HELENA,B,Feb-2025
Golf Links Road,NARRE WARREN,B,Nov-2024
Grano Street,ARARAT,B,May-2025
Great Alpine Road,OVENS,B,Apr-2025
Greaves Road,NARRE WARREN SOUTH,B,Nov-2024
Green Street,NOBLE PARK,B,Aug-2024
Hawthorn Road,CAULFIELD SOUTH,B,T
Homestead Road,BERWICK,B,Nov-2024
Hosie Road,SHEPPARTON EAST,B,May-2025
Howe Parade,GARDEN CITY,B,Feb-2025
Inverloch-Venus Bay Road,INVERLOCH,B,Sep-2024
Kangaroo Road,MURRUMBEENA,B,T
Koo Wee Rup-Longwarry Road,BAYLES,B,Apr-2025
Lawrence Street,WODONGA,B,Apr-2025
Leppitt Road,PAKENHAM,B,Apr-2025
Lyall Road,BERWICK,B,Nov-2024
Manks Road,CLYDE,B,Nov-2024
Manuka Road,BERWICK,B,Nov-2024
North Road,PEARCEDALE,B,Nov-2024
Pearcedale Road,CRANBOURNE SOUTH,B,Nov-2024
Pearcedale Road,PEARCEDALE,B,Nov-2024
Poath Road,HUGHESDALE,B,T
Power Road,ENDEAVOUR HILLS,B,Nov-2024
Princes Freeway,GARFIELD,B,Apr-2025
Princes Freeway,TYNONG,B,Apr-2025
Princes Freeway,TYNONG NORTH,B,Apr-2025
Queen Street,MAFFRA,B,May-2025
Recreation Road,YAN YEAN,B,Feb-2025
Robinsons Road,PEARCEDALE,B,Nov-2024
Shrives Road,NARRE WARREN,B,Nov-2024
Skyline Road,EILDON,B,Oct-2024
Stawell-Warracknabeal Road,WARRACKNABEAL,B,Oct-2024
Strathallan Road,MACLEOD,B,Feb-2025
Sussex Street,COBURG NORTH,B,Apr-2025
The Eyrie,EAGLEMONT,B,Feb-2025
Tinks Road,NARRE WARREN,B,Nov-2024
Twyford Road,CLYDE,B,Nov-2024
U T Creek Road,ALEXANDRA,B,Oct-2024
Union Street,BRIGHTON EAST,B,T
Upper Heidelberg Road,IVANHOE,B,Feb-2025
UT Creek Road,EILDON,B,Oct-2024
Warneet Road,BLIND BIGHT,B,Nov-2024
Warneet Road,WARNEET,B,Nov-2024
Western Freeway,BUANGOR,B,May-2025
Western Highway,ARARAT,B,May-2025
Westernport Road,LANG LANG,B,Apr-2025
Agar Road,CORONET BAY,BC,Sep-2024
Alexanders Road,MORWELL,BC,T
Alma Street,TOOTGAROOK,BC,Sep-2024
Ambrose Treacy Drive,BUNDOORA,BC,Feb-2025
Anakie Road,BELL PARK,BC,Aug-2024
Apollo Road,TAYLORS LAKES,BC,May-2025
Army Road,PAKENHAM UPPER,BC,Apr-2025
Aughtie Drive,ALBERT PARK,BC,Feb-2025
Avenel Road,SEYMOUR,BC,Apr-2025
Avondale Avenue,ST ALBANS,BC,May-2025
Ballarat Road,RAVENHALL,BC,May-2025
Banksia Street,HEIDELBERG HEIGHTS,BC,Feb-2025
Barrabool Road,HIGHTON,BC,Aug-2024
Beacon Point Road,CLIFTON SPRINGS,BC,Aug-2024
Benalla-Winton Road,BENALLA,BC,T
Bendigo-Murchison Road,MURCHISON,BC,May-2025
Berrabri Drive,SCORESBY,BC,Mar-2025
Biggs Street,ST ALBANS,BC,May-2025
Bloomfield Road,NILMA NORTH,BC,Jun-2025
Blyth Street,ALTONA,BC,May-2025
Bobs Street,WHITE HILLS,BC,Apr-2025
Boes Road,TYABB,BC,Sep-2024
Boort-Kerang Road,KERANG,BC,Mar-2025
Boundary Road,NEWCOMB,BC,Aug-2024
Breadalbane Avenue,MERNDA,BC,Feb-2025
Bridge Inn Road,MERNDA,BC,Feb-2025
Broad Gully Road,DIAMOND CREEK,BC,Feb-2025
Broadmeadows Road Deviation,WESTMEADOWS,BC,Aug-2024
Brodie Street,WANGARATTA,BC,Apr-2025
Browning Street,ORBOST,BC,May-2025
Buckley Street,KEILOR EAST,BC,Apr-2025
Cairns Road,HAMPTON PARK,BC,Nov-2024
Calder Park Drive,TAYLORS HILL,BC,May-2025
Cambden Park Parade,FERNTREE GULLY,BC,Jun-2025
Canterbury Road,MONTROSE,BC,Jan-2025
Chandler Road,KEYSBOROUGH,BC,Aug-2024
Chapel Road,KEYSBOROUGH,BC,Aug-2024
Christensen Lane,WANGARATTA,BC,Apr-2025
Church Street,GROVEDALE,BC,Aug-2024
Clarkes Road,BROOKFIELD,BC,May-2025
Clifton Springs Road,CLIFTON SPRINGS,BC,Aug-2024
Clyde-Five Ways Road,CLYDE,BC,Nov-2024
Cohuna-Leitchville Road,LEITCHVILLE,BC,Mar-2025
Colac-Ballarat  Road,WEERING,BC,Aug-2024
Commercial Street,MERBEIN,BC,Apr-2025
Cookes Road,DOREEN,BC,Feb-2025
Coolart Road,BITTERN,BC,Sep-2024
Coombes Road,TORQUAY,BC,Aug-2024
Coppards Road,MOOLAP,BC,Aug-2024
Copperfield Drive,DELAHEY,BC,May-2025
Dalmore Road,KOO WEE RUP,BC,Apr-2025
Dandenong Bypass,DANDENONG SOUTH,BC,Aug-2024
Darian Road,TORQUAY,BC,Aug-2024
Deep Creek Road,MITCHAM,BC,May-2025
Doveton Street North,INVERMAY PARK,BC,Aug-2024
Driscolls Road,KEALBA,BC,May-2025
Drysdale-Ocean Grove Road,WALLINGTON,BC,Aug-2024
Dunblane Road,NOBLE PARK,BC,Aug-2024
Duncan Drive,PAKENHAM,BC,Apr-2025
East Street,HADFIELD,BC,Apr-2025
Echuca-Mooroopna Road,MOOROOPNA NORTH,BC,May-2025
Echuca-Mooroopna Road,UNDERA,BC,May-2025
Edgars Road,EPPING,BC,Dec-2024
Elcho Road,LARA,BC,Aug-2024
Elder Street,WATSONIA,BC,Feb-2025
Elizabeth Drive,SUNBURY,BC,Apr-2025
Elizabeth Street,ARARAT,BC,Oct-2024
Emu Road,MAIDSTONE,BC,Jun-2025
Epsom-Barnadown Road,ASCOT,BC,Apr-2025
Eynesbury Road,EYNESBURY,BC,May-2025
Felltimber Creek Road,WODONGA,BC,Apr-2025
Findon Road,SOUTH MORANG,BC,Feb-2025
Flaxen Hills Road,DOREEN,BC,Feb-2025
Forrest Street,ALBION,BC,May-2025
Forrest Street,ARDEER,BC,May-2025
Fyansford-Gheringhap Road,GHERINGHAP,BC,Aug-2024
Gear Avenue,MOUNT HELEN,BC,Aug-2024
Gillies Road,MOUNT ROWAN,BC,T
Gillies Road,ASCOT,BC,Aug-2024
Gillies Road,SULKY,BC,Aug-2024
Gisborne-Melton Road,MELTON,BC,May-2025
Glen Huntly Road,ELWOOD,BC,Feb-2025
Glencairn Drive,GREENVALE,BC,Apr-2025
Glenelg Highway,SMYTHESDALE,BC,Mar-2025
Glenrowan-Myrtleford Road,OXLEY,BC,Apr-2025
Goodwin Street,BENALLA,BC,T
Gourlay Road,TAYLORS HILL,BC,May-2025
Graham Street,WONTHAGGI,BC,Sep-2024
Grandvue Boulevard,PAKENHAM,BC,Apr-2025
Grange Drive,SOUTH MORANG,BC,Feb-2025
Great Alpine Road,BRIGHT,BC,Apr-2025
Great Alpine Road,DOCTORS FLAT,BC,May-2025
Greenhalghs Road,BUNKERS HILL,BC,Aug-2024
Greenvale Drive,GREENVALE,BC,Apr-2025
Grubb Road,OCEAN GROVE,BC,Aug-2024
Harcourt Road,BORONIA,BC,Mar-2025
Hawkins Street,SHEPPARTON,BC,May-2025
Heatherton Road,ENDEAVOUR HILLS,BC,Nov-2024
Heidelberg Road,CLIFTON HILL,BC,Apr-2025
Heinz Lane,INVERMAY PARK,BC,Aug-2024
Hertford Road,SUNSHINE,BC,May-2025
Hidden Valley Boulevard,WALLAN,BC,Aug-2024
Highton Lane,MANSFIELD,BC,Oct-2024
Hopetoun Road,TOORAK,BC,Mar-2025
Hopkins Highway,GRASSMERE,BC,Nov-2024
Horace Street,MALVERN,BC,Mar-2025
Horseshoe Bend Road,MOUNT DUNEED,BC,Aug-2024
Hume Drive,SYDENHAM,BC,May-2025
Hume Drive,TAYLORS HILL,BC,May-2025
Hume Freeway,CHILTERN,BC,Apr-2025
Inglis Road,BERWICK,BC,Nov-2024
Inverloch-Venus Bay Road,POUND CREEK,BC,Sep-2024
Jacksons Road,NOBLE PARK NORTH,BC,Aug-2024
Jasper Road,MCKINNON,BC,T
Johnson Street,RESERVOIR,BC,Feb-2025
Kangaroo Ground-Warrandyte Road,KANGAROO GROUND,BC,Feb-2025
Karadoc Avenue,IRYMPLE,BC,Apr-2025
Kelvinside Road,NOBLE PARK,BC,Aug-2024
Kensington Road,LEOPOLD,BC,Aug-2024
Kent Street,ASCOT VALE,BC,Aug-2024
Kerang-Murrabit Road,KERANG,BC,Mar-2025
Kerang-Murrabit Road,WESTBY,BC,Mar-2025
Kerang-Quambatook Road,KERANG,BC,Mar-2025
Kiewa Valley Highway,DEDERANG,BC,Apr-2025
Kyneton-Trentham Road,TRENTHAM,BC,Mar-2025
Lakeside Drive,ALBERT PARK,BC,Feb-2025
Lancaster Road,KYABRAM,BC,Apr-2025
Latrobe Road,MARYVALE,BC,T
Leslie Street,ST ALBANS,BC,May-2025
Linsell Boulevard,CRANBOURNE EAST,BC,Nov-2024
Livingstone Street,AVENEL,BC,Apr-2025
Loddon Valley  Highway,MACORNA,BC,Mar-2025
Long Forest Road,LONG FOREST,BC,Mar-2025
Lum Road,WHEELERS HILL,BC,May-2025
Lynnes Road,WATTLE BANK,BC,Sep-2024
Macleod Street,BAIRNSDALE,BC,May-2025
Main Road,HURSTBRIDGE,BC,Feb-2025
Majorca Road,MARYBOROUGH,BC,May-2025
Malvern Road,SOUTH YARRA,BC,Mar-2025
Maribyrnong Road,ASCOT VALE,BC,Apr-2025
Marine Parade,ELWOOD,BC,Feb-2025
Marlo Road,MARLO,BC,May-2025
Maryvale Road,MORWELL,BC,T
Mascoma Street,STRATHMORE,BC,Apr-2025
McCurdy Road,HERNE HILL,BC,Aug-2024
Meadowvale  Drive,GROVEDALE,BC,Aug-2024
Meeniyan-Promontory Road,BUFFALO,BC,Sep-2024
Menadue Street,HORSHAM,BC,Oct-2024
Midland Highway,MAGPIE,BC,Aug-2024
Midland Highway,GHERINGHAP,BC,Mar-2025
Midland Highway,NEWLYN,BC,Mar-2025
Military Road,AVONDALE HEIGHTS,BC,Apr-2025
Mooroopna-Murchison Road,MURCHISON,BC,May-2025
Mooroopna-Murchison Road,OLD TOOLAMBA,BC,May-2025
Moran Street,PICOLA,BC,Apr-2025
Morpung Avenue,IRYMPLE,BC,Apr-2025
Mount Buffalo Road,POREPUNKAH,BC,Mar-2025
Murchison-Tatura Road,DHURRINGILE,BC,May-2025
Murchison-Tatura Road,TATURA,BC,May-2025
Murchison-Violet Town Road,MURCHISON EAST,BC,May-2025
Murdoch Road,WANGARATTA,BC,T
Murray Valley  Highway,BEVERFORD,BC,Mar-2025
Murray Valley Highway,BEVERFORD,BC,Mar-2025
Murray Valley Highway,COHUNA,BC,Mar-2025
Murray Valley Highway,KENLEY,BC,Mar-2025
Murray Valley Highway,LAKE BOGA,BC,Mar-2025
Murray Valley Highway,MEAD,BC,Mar-2025
Murray Valley Highway,NYAH,BC,Mar-2025
Murray Valley Highway,SWAN HILL,BC,Mar-2025
Murray Valley Highway,WEE WEE RUP,BC,Mar-2025
Murray Valley Highway,BERRINGAMA,BC,Apr-2025
Murray Valley Highway,CUDGEWA,BC,Apr-2025
Murray Valley Highway,TALLANGATTA,BC,Apr-2025
Murray Valley Highway,GUNBOWER,BC,Apr-2025
Murray Valley Highway,LEITCHVILLE,BC,Apr-2025
Murray Valley Highway,WHARPARILLA,BC,Apr-2025
Murray Valley Highway,WOOD WOOD,BC,Apr-2025
Myers Road,BITTERN,BC,Sep-2024
Myrtleford-Yackandandah Road,MUDGEGONGA,BC,Apr-2025
New Dookie Road,GRAHAMVALE,BC,May-2025
Normanby Drive,GREENVALE,BC,Apr-2025
Normanby Street,WARRAGUL,BC,Dec-2024
Northern Highway,TOOBORAC,BC,Apr-2025
Novara Parade,ST ALBANS,BC,May-2025
Oaklands Road,OAKLANDS JUNCTION,BC,Apr-2025
O'Neil Road,BEACONSFIELD,BC,Apr-2025
Ormond Esplanade,ELWOOD,BC,Feb-2025
Ormond Road,EAST GEELONG,BC,Aug-2024
Overton Lea Boulevard,SYDENHAM,BC,May-2025
Panorama Avenue,LOWER PLENTY,BC,Feb-2025
Parer Road,AIRPORT WEST,BC,Apr-2025
Park Lane,WANGARATTA,BC,Apr-2025
Phillipson Street,WANGARATTA,BC,Apr-2025
Pillars Road,BANGHOLME,BC,Aug-2024
Pioneer Road,GROVEDALE,BC,Aug-2024
Pitt Street,ELTHAM,BC,Feb-2025
Plantation Road,CORIO,BC,Aug-2024
Plenty River Drive,GREENSBOROUGH,BC,Feb-2025
Plumpton  Avenue,GLENROY,BC,Apr-2025
Point Richards Road,PORTARLINGTON,BC,Aug-2024
Powlett Street,INVERLOCH,BC,Sep-2024
Princes Freeway,PAKENHAM,BC,Apr-2025
Princes Highway,PIRRON YALLOCK,BC,Aug-2024
Princes Highway,POMBORNEIT,BC,Dec-2024
Princes Highway,PORT FAIRY,BC,Jan-2025
Princes Highway,OAKLEIGH EAST,BC,May-2025
Princes Highway,JOHNSONVILLE,BC,May-2025
Princes Highway,TOSTAREE,BC,May-2025
Princes Highway,LAKES ENTRANCE,BC,May-2025
Princes Highway,NOWA NOWA,BC,May-2025
Progress Road,ELTHAM NORTH,BC,Feb-2025
Prospect Hill Road,NARRE WARREN,BC,Nov-2024
Pyrenees Highway,ELMHURST,BC,T
Pyrenees Highway,AMPHITHEATRE,BC,Aug-2024
Racecourse Road,PAKENHAM,BC,Apr-2025
Research Warrandyte Road,RESEARCH,BC,Feb-2025
Research-Warrandyte Road,NORTH WARRANDYTE,BC,Feb-2025
Rippon Road,HAMILTON,BC,Apr-2025
Riverside Avenue,MILDURA,BC,Apr-2025
Robinvale-Sea Lake Road,ROBINVALE,BC,Apr-2025
Sages Road,BAXTER,BC,Sep-2024
Saltwater Promenade,POINT COOK,BC,Jun-2025
Sanders Road,HAZELWOOD NORTH,BC,T
Sandilong Avenue,IRYMPLE,BC,Apr-2025
Sandpiper Drive,TAYLORS LAKES,BC,May-2025
Saxonwood Drive,NARRE WARREN,BC,Nov-2024
Sebastopol-Smythesdale Road,ROSS CREEK,BC,Mar-2025
Serpells Road,TEMPLESTOWE,BC,May-2025
Shearwater Drive,PAKENHAM,BC,Apr-2025
Sheepwash Road,BARWON HEADS,BC,Aug-2024
Sladen Street,CRANBOURNE,BC,Nov-2024
Sneydes Road,WERRIBEE,BC,Jun-2025
Somerville  Road,YARRAVILLE,BC,Jun-2025
South Gippsland Highway,TOORADIN,BC,Nov-2024
South Street,HADFIELD,BC,Apr-2025
Springvale Road,NUNAWADING,BC,May-2025
Stead Street,SALE,BC,May-2025
Stony Point Road,CRIB POINT,BC,Sep-2024
Strachans Road,MORNINGTON,BC,Sep-2024
Sturt Highway,MERBEIN SOUTH,BC,Apr-2025
Sunraysia Highway,LAMPLOUGH,BC,Aug-2024
Sunraysia Highway,LEARMONTH,BC,Aug-2024
Sunraysia Highway,TANWOOD,BC,Aug-2024
Swan Street,WANGARATTA,BC,Apr-2025
Tatura-Undera Road,GILLIESTON,BC,May-2025
Thacker Street,OCEAN GROVE,BC,Aug-2024
The Avenue of Honour,BACCHUS MARSH,BC,Mar-2025
The Boulevard,SHEPPARTON,BC,May-2025
The Esplanade,TORQUAY,BC,Aug-2024
The Lakes Boulevard,SOUTH MORANG,BC,Feb-2025
Thompsons Road,CRANBOURNE,BC,Nov-2024
Tobin Street,ARARAT,BC,May-2025
Tomahawk Creek Road,IRREWILLIPE,BC,Aug-2024
Toolamba road,MOOROOPNA,BC,May-2025
Toomuc Valley Road,PAKENHAM,BC,Apr-2025
Tuckfield Street,OCEAN GROVE,BC,Aug-2024
Twelfth Street,MILDURA,BC,Apr-2025
Valley Drive,WALLAN,BC,Aug-2024
Victoria Street,PRESTON,BC,Feb-2025
Wangandary Road,WANGARATTA,BC,Apr-2025
Wangaratta-Yarrawonga Road,PEECHELBA,BC,Apr-2025
Warrandyte Road,LANGWARRIN SOUTH,BC,Sep-2024
Waterside Drive,WATERWAYS,BC,T
Waterview Drive,MERNDA,BC,Feb-2025
Wawunna Road,HORSHAM,BC,Oct-2024
Welcome Road,DIGGERS REST,BC,May-2025
Werril Street,SWAN HILL,BC,Mar-2025
Western Highway,DADSWELLS BRIDGE,BC,Oct-2024
Whitfield Road,MOYHU,BC,Apr-2025
Whittlesea-Kinglake Road,KINGLAKE CENTRAL,BC,Aug-2024
Whittlesea-Kinglake Road,KINGLAKE WEST,BC,Aug-2024
Whittlesea-Kinglake Road,PHEASANT CREEK,BC,Aug-2024
Wilsons Road,MORNINGTON,BC,Sep-2024
Wilton Vale Road,SOUTH MORANG,BC,Feb-2025
Windsor Avenue,SPRINGVALE,BC,Aug-2024
Winton-Glenrowan Road,WINTON NORTH,BC,T
Witt Street,BENALLA,BC,T
Wood Street,FLINDERS,BC,Sep-2024
Woorinen-Vinifera Road,WOORINEN NORTH,BC,Mar-2025
Woorinen-Vinifera Road,WOORINEN SOUTH,BC,Mar-2025
Wungan Street,MACLEOD,BC,Feb-2025
Yuille Street,MELTON,BC,May-2025
Abey Road,COBBLEBANK,BCD,May-2025
Acacia Street,GLENROY,BCD,Apr-2025
Allingham Street,KANGAROO FLAT,BCD,Apr-2025
Anderson Street,MELBOURNE,BCD,Apr-2025
Arnot Street,BONNIE DOON,BCD,Oct-2024
Arthur Street,ST ALBANS,BCD,May-2025
Arthurs Seat Road,RED HILL,BCD,Sep-2024
Banbury Road,RESERVOIR,BCD,Feb-2025
Banksia Street,IVANHOE,BCD,Feb-2025
Barrabool Road,CERES,BCD,Feb-2025
Beaconsfield Parade,ALBERT PARK,BCD,Feb-2025
Bengworden Road,BENGWORDEN,BCD,May-2025
Booth Street,PRESTON,BCD,Feb-2025
Bowen Street,CAMBERWELL,BCD,May-2025
Bradford Road,MOUNT MARTHA,BCD,Sep-2024
Braeswood Road,KINGS PARK,BCD,May-2025
Bright Street,CALIFORNIA GULLY,BCD,Apr-2025
Broadway,DUNOLLY,BCD,May-2025
Browning Street,KINGSBURY,BCD,Apr-2025
Burns Street,MARYBOROUGH,BCD,May-2025
Butcher Street,ECHUCA,BCD,Apr-2025
Caldwells Road,EAGLEHAWK,BCD,Apr-2025
Caledonia Street,ST ANDREWS,BCD,Feb-2025
Callaghan Street,EPSOM,BCD,Apr-2025
Carpenter Street,SPRING GULLY,BCD,Apr-2025
Central Avenue,ALTONA MEADOWS,BCD,Jun-2025
Central Park Road,MALVERN EAST,BCD,Mar-2025
Champions Parade,WOLLERT,BCD,Feb-2025
Cheddar Road West,RESERVOIR,BCD,Feb-2025
Chifley Drive,PRESTON,BCD,Feb-2025
Chum Street,GOLDEN SQUARE,BCD,Apr-2025
Church Street,RICHMOND,BCD,Apr-2025
Claremont Avenue,MALVERN,BCD,Mar-2025
Clarendon Street,THORNBURY,BCD,Dec-2024
Coburns Road,KURUNJANG,BCD,May-2025
Coburns Road,MELTON,BCD,May-2025
Coburns Road,MELTON SOUTH,BCD,May-2025
Colac-Ballarat Road,CORINDHAP,BCD,Mar-2025
Colac-Ballarat Road,NAPOLEONS,BCD,Mar-2025
Copelands Road,WARRAGUL,BCD,Jun-2025
Copernicus Way,KEILOR DOWNS,BCD,May-2025
Cravens Road,MERNDA,BCD,Feb-2025
Crook Street,KENNINGTON,BCD,Apr-2025
Curtin Street,FLORA HILL,BCD,Apr-2025
Dalton Road,LALOR,BCD,Feb-2025
Darebin Road,THORNBURY,BCD,Feb-2025
Devonshire Road,SUNSHINE,BCD,May-2025
Diamond Creek Road,GREENSBOROUGH,BCD,Apr-2025
Diggers Rest-Coimadai Road,DIGGERS REST,BCD,May-2025
Diggers Rest-Coimadai Road,TOOLERN VALE,BCD,May-2025
Dohertys Road,TRUGANINA,BCD,Jun-2025
Donovans Way,MANSFIELD,BCD,Oct-2024
Doveton Street North,BALLARAT NORTH,BCD,Aug-2024
Dundas Road,MARYBOROUGH,BCD,May-2025
East Esplanade,ST ALBANS,BCD,May-2025
Eastfield Road,CROYDON,BCD,Jul-2024
Eaststone Avenue,WOLLERT,BCD,Jan-2025
Echuca-Nanneella Road,NANNEELLA,BCD,Apr-2025
Edenvale Boulevard,WOLLERT,BCD,Feb-2025
Edgars Road,WOLLERT,BCD,Feb-2025
Edwardes Street,RESERVOIR,BCD,Feb-2025
Elvins Street,MANSFIELD,BCD,Oct-2024
Elwers Road,ROSEBUD,BCD,Sep-2024
Epping Road,EPPING,BCD,Feb-2025
Ester Street,GREENSBOROUGH,BCD,Feb-2025
Fairbairn Road,SUNSHINE WEST,BCD,May-2025
Findon Road,EPPING,BCD,Feb-2025
Fitzgerald Road,DERRIMUT,BCD,May-2025
Fitzgerald Road,SUNSHINE WEST,BCD,May-2025
Fosters Road,KEILOR PARK,BCD,May-2025
Fryers Road,HIGHTON,BCD,Aug-2024
Fullarton Road,KEILOR PARK,BCD,May-2025
Furlong Road,ST ALBANS,BCD,May-2025
Furlong Road,SUNSHINE NORTH,BCD,May-2025
Gateshead Drive,WANTIRNA SOUTH,BCD,Jul-2024
Gilbert Road,PRESTON,BCD,Dec-2024
Gillespie Road,KINGS PARK,BCD,May-2025
Gillies Street,MARYBOROUGH,BCD,May-2025
Gillwell Road,LALOR,BCD,Apr-2025
Gisborne - Melton Road,KURUNJANG,BCD,May-2025
Glengala Road,SUNSHINE WEST,BCD,May-2025
Gordon Street,WODONGA,BCD,Apr-2025
Gourlay Road,HILLSIDE,BCD,May-2025
Gower Street,PRESTON,BCD,Feb-2025
Graham Street,PORT MELBOURNE,BCD,Feb-2025
Great Alpine Road,HARRIETVILLE,BCD,Mar-2025
Greensborough Road,YALLAMBIE,BCD,Feb-2025
Greenwood Drive,BUNDOORA,BCD,Feb-2025
Hampshire Road,SUNSHINE,BCD,May-2025
Harding Street,COBURG,BCD,Aug-2024
Hargreaves Street,GOLDEN SQUARE,BCD,Apr-2025
Hatchlands Drive,DEER PARK,BCD,May-2025
Havilah Road,LONG GULLY,BCD,Apr-2025
Hawkstowe Parade,SOUTH MORANG,BCD,Apr-2025
Heyington Avenue,THOMASTOWN,BCD,Feb-2025
High Street,EPPING,BCD,Feb-2025
High Street,LALOR,BCD,Feb-2025
High Street,MELTON,BCD,May-2025
High Street,MELTON WEST,BCD,May-2025
Highpark Drive,WOLLERT,BCD,Feb-2025
Hodgins Road,HASTINGS,BCD,Sep-2024
Hogans Road,TARNEIT,BCD,Jun-2025
Howitt Street,BALLARAT NORTH,BCD,Aug-2024
Hume Drive,CAROLINE SPRINGS,BCD,May-2025
Huon Creek Road,WODONGA,BCD,Apr-2025
Hyde Street,SEDDON,BCD,Jun-2025
Ibbotson Street,ST LEONARDS,BCD,Aug-2024
Kees Road,LARA,BCD,Dec-2024
Kiora Street,ALTONA MEADOWS,BCD,Jun-2025
Koorlong Avenue,IRYMPLE,BCD,Apr-2025
Kororoit Creek Road,ALTONA,BCD,Jun-2025
Kulkyne Way,NANGILOC,BCD,Feb-2025
Leakes Road,TRUGANINA,BCD,Jun-2025
Leamington Street,RESERVOIR,BCD,Feb-2025
Lorimer Street,PORT MELBOURNE,BCD,Jan-2025
Lyon Road,VIEWBANK,BCD,Feb-2025
Mackie Road,BENTLEIGH EAST,BCD,T
Main Hurstbridge Road,DIAMOND CREEK,BCD,Feb-2025
Main Neerim Road,DROUIN,BCD,Dec-2024
Mansfield-Woods Point Road,JAMIESON,BCD,Oct-2024
Market Road,SUNSHINE,BCD,May-2025
Marshall Street,IVANHOE,BCD,Feb-2025
Massey Avenue,RESERVOIR,BCD,Feb-2025
Mayfair Drive,WODONGA,BCD,Apr-2025
McBryde Street,FAWKNER,BCD,Apr-2025
McDonalds Road,EPPING,BCD,Feb-2025
McKimmies Road,BUNDOORA,BCD,Feb-2025
Melton Valley Drive,MELTON,BCD,May-2025
Melville Road,BRUNSWICK WEST,BCD,Apr-2025
Midland Highway,GOORNONG,BCD,Apr-2025
Mitchell Street,COLBINABBIN,BCD,Apr-2025
Mitford Street,ELWOOD,BCD,Feb-2025
Montague Street,ALBERT PARK,BCD,Feb-2025
Moran Street,LONG GULLY,BCD,Apr-2025
Moray Street,SOUTH MELBOURNE,BCD,Feb-2025
Mt Buller Road,MERRIJIG,BCD,Oct-2024
Mt DERRIMUT Road,DERRIMUT,BCD,May-2025
Neale Road,DEER PARK,BCD,May-2025
Nelson Road,LILYDALE,BCD,Jan-2025
Nepean Highway Service Road,MORNINGTON,BCD,Sep-2024
Newcastle Street,PRESTON,BCD,Jan-2025
Newlands Road,RESERVOIR,BCD,Feb-2025
Nicholson Street,BRUNSWICK EAST,BCD,Apr-2025
Northern Highway,ELMORE,BCD,Apr-2025
Northumberland Road,SUNSHINE NORTH,BCD,May-2025
O'Herns Road,EPPING,BCD,Feb-2025
Old Calder Highway,KEILOR,BCD,May-2025
Omeo Highway,TALLANDOON,BCD,Apr-2025
Omeo Highway,TALLANGATTA SOUTH,BCD,Apr-2025
ONeills Road,MELTON,BCD,May-2025
Park Road,MARYBOROUGH,BCD,May-2025
Pender Street,THORNBURY,BCD,Jan-2025
Pine Park Drive,WOLLERT,BCD,Feb-2025
Pitfield-Scarsdale Road,NEWTOWN,BCD,Mar-2025
Plenty Road,MERNDA,BCD,Feb-2025
Plummer Street,PORT MELBOURNE,BCD,Feb-2025
Princes  Highway,EUMEMMERRING,BCD,Nov-2024
Princes Highway,WINCHELSEA,BCD,Aug-2024
Princes Highway,HUNTINGDALE,BCD,May-2025
Princess Street,CAMPBELLS CREEK,BCD,Jan-2025
Prouses Road,CALIFORNIA GULLY,BCD,Apr-2025
Pyrenees Highway,CASTLEMAINE,BCD,Jan-2025
Ranters Gully Road,CAMPBELLS CREEK,BCD,Jan-2025
Regent Street,MERNDA,BCD,Feb-2025
Retreat Road,SPRING GULLY,BCD,Apr-2025
Rohs Road,EAST BENDIGO,BCD,Apr-2025
Rosehill Road,LOWER PLENTY,BCD,Feb-2025
Ryrie Street,GEELONG,BCD,Aug-2024
Salmon Street,PORT MELBOURNE,BCD,Apr-2025
Saltlake Boulevard,WOLLERT,BCD,Feb-2025
Settlement Road,THOMASTOWN,BCD,Feb-2025
Simpsons Road,EAGLEHAWK,BCD,Apr-2025
Sixteenth Street,MILDURA,BCD,Apr-2025
Smythes Road,DELACOMBE,BCD,Aug-2024
Somerville Road,YARRAVILLE,BCD,Jun-2025
Spence Street,KEILOR PARK,BCD,May-2025
St Georges Road,TOORAK,BCD,Mar-2025
St James Road,ROSANNA,BCD,Feb-2025
Stagecoach Boulevard,SOUTH MORANG,BCD,Feb-2025
Station Street,PORT MELBOURNE,BCD,Feb-2025
Station Street,POREPUNKAH,BCD,Apr-2025
Studley Road,EAGLEMONT,BCD,Feb-2025
Sunshine Avenue,TAYLORS LAKES,BCD,May-2025
Surrey Road,BLACKBURN NORTH,BCD,May-2025
Sydney Street,ALBION,BCD,May-2025
Taylors Road,DELAHEY,BCD,May-2025
Templewood Crescent,AVONDALE HEIGHTS,BCD,Apr-2025
Tennyson Street,ELWOOD,BCD,Feb-2025
Tenth Street,MILDURA,BCD,Apr-2025
Tesselaar Road,WOLLERT,BCD,Jan-2025
The Boulevard,PORT MELBOURNE,BCD,Feb-2025
The Strand,WILLIAMSTOWN,BCD,May-2025
Thistle Street,GOLDEN SQUARE,BCD,Apr-2025
Thompsons Road,NEWBOROUGH,BCD,T
Todd Road,FISHERMENS BEND,BCD,Apr-2025
Tonkin Avenue,COBURG NORTH,BCD,Apr-2025
Ultimo Street,MANSFIELD,BCD,Oct-2024
Union Road,SURREY HILLS,BCD,May-2025
Union Street,BRUNSWICK WEST,BCD,Apr-2025
Victoria Cross Parade,WODONGA,BCD,Apr-2025
Victoria Street,IRONBARK,BCD,Apr-2025
Villa Road,SPRINGVALE,BCD,Aug-2024
Wallan Road,WHITTLESEA,BCD,Feb-2025
Wattle Avenue,WERRIBEE,BCD,Jun-2025
Wellington Parade South,EAST MELBOURNE,BCD,Apr-2025
Westgarth Street,WESTGARTH,BCD,Feb-2025
Westmoreland Road,SUNSHINE NORTH,BCD,May-2025
Wheatsheaf Road,GLENROY,BCD,Apr-2025
Williamstown Road,PORT MELBOURNE,BCD,Feb-2025
Woodland Street,ESSENDON,BCD,Apr-2025
Wooralla Drive,MOUNT ELIZA,BCD,Sep-2024
Wright Street,SUNSHINE WEST,BCD,May-2025
Alexandra Street,GREENSBOROUGH,BD,Dec-2024
Everleigh Drive,DIAMOND CREEK,BD,Feb-2025
Huxley Avenue,MULGRAVE,BD,May-2025
Manningham Street,PARKVILLE,BD,Apr-2025
Aitken Street,ALEXANDRA,C,Oct-2024
Allenby Avenue,RESERVOIR,C,Feb-2025
Anderson Road,FAWKNER,C,Apr-2025
Arundel Road,KEILOR,C,May-2025
Ascot Vale Road,ASCOT VALE,C,Apr-2025
Avenel-Nagambie Rd,AVENEL,C,Apr-2025
Avenel-Nagambie Road,AVENEL,C,Apr-2025
Axe Creek Road,AXE CREEK,C,Apr-2025
Back Eildon Road,THORNTON,C,Oct-2024
Bakers Road,NOBLE PARK NORTH,C,Aug-2024
Ballan Road,WYNDHAM VALE,C,Jun-2025
Ballarat Road,HAMILTON,C,Apr-2025
Ballarat Road,FOOTSCRAY,C,Jun-2025
Balwyn Road,BALWYN,C,May-2025
Bambra Road,CAULFIELD SOUTH,C,T
Bank Street,AVENEL,C,Apr-2025
Barkly Street,WEST FOOTSCRAY,C,Jun-2025
Barnes Boulevard,HORSHAM,C,Oct-2024
Barries Road,MELTON,C,May-2025
Barrymore Road,GREENVALE,C,Apr-2025
Bass Highway,LEONGATHA SOUTH,C,Sep-2024
Bass Highway,THE GURDIES,C,Sep-2024
Baxter-Tooradin Road,DEVON MEADOWS,C,Nov-2024
Bayview Road,ROSEBUD,C,Sep-2024
Beach Road,MORDIALLOC,C,T
Beach Road,PARKDALE,C,T
Beach Street,FRANKSTON,C,Sep-2024
Beaufort-Skipton Road,LAKE GOLDSMITH,C,T
Beechworth-Wodonga Road,LENEVA,C,Apr-2025
Belgrave Road,MALVERN EAST,C,Mar-2025
Bellbridge Drive,HOPPERS CROSSING,C,Jun-2025
Belmore Road,BALWYN,C,May-2025
Belmore Road,BOX HILL NORTH,C,May-2025
Benalla-Yarrawonga Road,DEVENISH,C,T
Bendigo-Maldon Road,MALDON,C,May-2025
Bendigo-Redesdale Road,STRATHFIELDSAYE,C,Apr-2025
Benetook Avenue,KOORLONG,C,Apr-2025
Bengworden Road,COBAINS,C,May-2025
Bengworden Road,PERRY BRIDGE,C,May-2025
Bennett Road,HORSHAM,C,Oct-2024
Birchip-Wycheproof Road,BIRCHIP,C,Mar-2025
Black Flat Road,WHITTLESEA,C,Feb-2025
Black Forest Road,WYNDHAM VALE,C,Jan-2025
Black Forest Road,WERRIBEE,C,Jun-2025
Blackburn Road,GLEN WAVERLEY,C,May-2025
Blackburn Road,MOUNT WAVERLEY,C,May-2025
Blackshaws Road,SPOTSWOOD,C,May-2025
Blackshaws Road,ALTONA NORTH,C,Jun-2025
Boneo Road,ROSEBUD,C,Sep-2024
Booran Road,GLEN HUNTLY,C,T
Borung Highway,DONALD,C,Mar-2025
Botha Avenue,RESERVOIR,C,Feb-2025
Boundary Road,MORDIALLOC,C,T
Boundary Road,PASCOE VALE,C,Apr-2025
Boundary Street,KERANG,C,Mar-2025
Brady Road,DANDENONG NORTH,C,Aug-2024
Bree Road,HAMILTON,C,Apr-2025
Bridge Street,BENALLA,C,T
Bridgewater Road,CRAIGIEBURN,C,Apr-2025
Bridgewater Road,TREWALLA,C,Apr-2025
Bridgewater Road,PORTLAND,C,Apr-2025
Bridgewater-Serpentine Road,BRIDGEWATER,C,May-2025
Broadford-Flowerdale Road,STRATH CREEK,C,Apr-2025
Broadford-Kilmore Road,BROADFORD,C,Aug-2024
Broadford-Wandong Road,BROADFORD,C,Aug-2024
Broadford-Wandong Road,KILMORE EAST,C,Aug-2024
Broadmeadows Road,TULLAMARINE,C,Apr-2025
Bromley Road,ROBINVALE,C,Apr-2025
Brooke Street,TOWONG,C,Apr-2025
Browning Street,PORTLAND,C,Apr-2025
Browns Road,NOBLE PARK,C,Aug-2024
Browns Road,NOBLE PARK NORTH,C,Aug-2024
Brunswick Road,BRUNSWICK,C,Apr-2025
Bruthen-Nowa Nowa Road,NOWA NOWA,C,May-2025
Buckley Street,ESSENDON,C,Apr-2025
Buckley Street,ESSENDON WEST,C,Apr-2025
Bulleen Road,BALWYN NORTH,C,May-2025
Bulmans Road,MELTON WEST,C,May-2025
Burke Road,GLEN IRIS,C,Feb-2025
Burke Road,MALVERN EAST,C,Mar-2025
Burns Street,HAMILTON,C,Apr-2025
Calder Alternative Highway,MARONG,C,Apr-2025
Calder Highway,BERRIWILLOCK,C,Mar-2025
Calder Highway,CULGOA,C,Mar-2025
Calder Highway,DUMOSA,C,Mar-2025
Calder Highway,NANDALY,C,Mar-2025
Calder Highway,NINDA,C,Mar-2025
Calder Highway,NULLAWIL,C,Mar-2025
Calder Highway,TEDDYWADDY,C,Mar-2025
Calder Highway,WARNE,C,Mar-2025
Calder Highway,WOOSANG,C,Mar-2025
Calder Highway,WYCHEPROOF SOUTH,C,Mar-2025
Calder Highway,LEICHARDT,C,Apr-2025
Calder Highway,CABARITA,C,Apr-2025
Calder Highway,MERBEIN,C,Apr-2025
Calder Highway,MERBEIN WEST,C,Apr-2025
Calder Highway,MITTYACK,C,Apr-2025
Calder Highway,YELTA,C,Apr-2025
Calder Highway,BRIDGEWATER ON LODDON,C,May-2025
Calder Highway,GLENALBYN,C,May-2025
Calder Highway,KURTING,C,May-2025
Calvert Street,BAIRNSDALE,C,May-2025
Camelot Drive,GLEN WAVERLEY,C,May-2025
Canterbury Road,BLACKBURN SOUTH,C,May-2025
Canterbury Road,BOX HILL,C,May-2025
Cape Nelson Road,PORTLAND,C,Apr-2025
Carnarvon Road,STRATHMORE,C,Apr-2025
Carngham Road,BUNKERS HILL,C,Aug-2024
Carngham Road,HADDON,C,Aug-2024
Carroll Road,OAKLEIGH SOUTH,C,T
Castlemaine-Maldon Road,MUCKLEFORD,C,May-2025
Centenary  Avenue,MELTON,C,May-2025
Central Road,NUNAWADING,C,May-2025
Centre Dandenong Road,CHELTENHAM,C,T
Centre Road,BENTLEIGH,C,T
Centre Road,LANGWARRIN,C,Sep-2024
Chadstone Road,MALVERN EAST,C,Mar-2025
Champion Road,NEWPORT,C,May-2025
Charlton-St Arnaud Road,ST ARNAUD,C,Oct-2024
Chauncey Street,LANCEFIELD,C,Apr-2025
Chenery Street,MANSFIELD,C,Oct-2024
Chesterville Road,CHELTENHAM NORTH,C,T
Childers Street,PORTLAND,C,Apr-2025
Chisholm Street,BALLARAT,C,Aug-2024
Church Road,NYAH,C,Mar-2025
Cimberwood Drive,CRAIGIEBURN,C,Apr-2025
Civic Parade,ALTONA,C,May-2025
Clarke Road,SPRINGVALE SOUTH,C,Aug-2024
Clayton Road,CLAYTON,C,May-2025
Coburns Road,TOOLERN VALE,C,May-2025
Cohuna Island Road,COHUNA,C,Mar-2025
Cohuna-Koondrook Road,KOONDROOK,C,Mar-2025
Colac-Lavers Hill Road,BARONGAROOK,C,Aug-2024
Coleraine-Balmoral Road,BALMORAL,C,Apr-2025
Coppards Road,NEWCOMB,C,Aug-2024
Coronation Avenue,SWAN HILL,C,Mar-2025
Corrigan Road,KEYSBOROUGH,C,Aug-2024
Corrigan Road,NOBLE PARK,C,Aug-2024
Coulstock Street,WARRNAMBOOL,C,Oct-2024
Craigie Road,MOUNT MARTHA,C,Sep-2024
Craigieburn Road,CRAIGIEBURN,C,Apr-2025
Cramer Street,WARRNAMBOOL,C,Oct-2024
Creswick Road,BALLARAT,C,Aug-2024
Creswick-Newstead Road,NEWSTEAD,C,May-2025
Curlewis Road,CURLEWIS,C,Aug-2024
Curlewis Street,SWAN HILL,C,Mar-2025
Dalrymple Road,SUNBURY,C,Aug-2024
Dandenong-Hastings Road,CRANBOURNE,C,Nov-2024
Dargo road,LINDENOW,C,May-2025
Darling Road,MALVERN EAST,C,Mar-2025
Darlington Road,STAWELL,C,Oct-2024
Dartmoor-Hamilton Road,HAMILTON,C,Apr-2025
Davisson Street,EPPING,C,Feb-2025
Delatite Road,SEYMOUR,C,Apr-2025
Derby Street,PASCOE VALE,C,Apr-2025
Devon Road,PASCOE VALE,C,Apr-2025
Dinah Parade,KEILOR EAST,C,Apr-2025
Donald Cameron Drive,ROXBURGH PARK,C,Apr-2025
Donald-Swan Hill Road,KALPIENUNG,C,Mar-2025
Donald-Swan Hill Road,LALBERT,C,Mar-2025
Donald-Swan Hill Road,SWAN HILL,C,Mar-2025
Donnybrook Road,YAN YEAN,C,Feb-2025
Dooen Road,HORSHAM,C,Oct-2024
Douglas Parade,NEWPORT,C,May-2025
Downes Road,CASTLEMAINE,C,May-2025
Drummond Street South,BALLARAT,C,Aug-2024
Duncans Road,WERRIBEE,C,Jun-2025
Dundas Street,RYE,C,Sep-2024
East Boundary Road,BENTLEIGH EAST,C,T
Echuca-Mooroopna Road,ST GERMAINS,C,May-2025
Edgar Street,PORTLAND,C,Apr-2025
Eildon-Jamieson Road,EILDON,C,Oct-2024
Eildon-Jamieson Road,JAMIESON,C,Oct-2024
Elgar Road,BOX HILL SOUTH,C,May-2025
Elgar Road,BURWOOD,C,May-2025
Elizabeth Street,EDENHOPE,C,Oct-2024
Epping Road,WOODSTOCK,C,Feb-2025
Epsom Road,ASCOT VALE,C,Apr-2025
Essex Street,WEST FOOTSCRAY,C,Jun-2025
Euroa-Mansfield Road,MERTON,C,Oct-2024
Euroa-Shepparton Road,EUROA,C,T
Euroa-Shepparton Road,MIEPOLL,C,Apr-2025
Exford Road,MELTON SOUTH,C,May-2025
Eyre Street,ECHUCA,C,Apr-2025
Ferris Road,MELTON SOUTH,C,May-2025
Field Street,RYE,C,Sep-2024
Foster Street,SALE,C,May-2025
Fourteenth Street,IRYMPLE,C,Apr-2025
Frankston-Dandenong Road,BANGHOLME,C,Aug-2024
Frankston-Dandenong Road,FRANKSTON,C,Sep-2024
Gaffney Street,PASCOE VALE,C,Apr-2025
Gallaghers Road,GLEN WAVERLEY,C,May-2025
Garden Street,PORTLAND,C,Apr-2025
Geelong-Bacchus Marsh Road,BACCHUS MARSH,C,Mar-2025
Geelong-Bacchus Marsh Road,BALLIANG EAST,C,Mar-2025
George Street,HAMILTON,C,Apr-2025
George Street,DONCASTER,C,May-2025
Gibsons Road,SALE,C,May-2025
Gisborne Road,BACCHUS MARSH,C,Mar-2025
Gladstone Road,DANDENONG NORTH,C,Aug-2024
Gladstone Street,MARYBOROUGH,C,May-2025
Glenelg Highway,CARRANBALLAC,C,T
Glenelg Highway,SKIPTON,C,Aug-2024
Glenelg Highway,SMYTHES CREEK,C,Aug-2024
Glenelg Highway,STREATHAM,C,Oct-2024
Glenelg Highway,WESTMERE,C,Oct-2024
Glenelg Highway,PITTONG,C,Mar-2025
Glenelg Highway,CASTERTON,C,Apr-2025
Glenelg Highway,COLERAINE,C,Apr-2025
Glenelg Highway,GLENTHOMPSON,C,Apr-2025
Glenelg Highway,HAMILTON,C,Apr-2025
Glenelg Highway,WANNON,C,Apr-2025
Glenferrie Road,MALVERN,C,Feb-2025
Glenrowan Myrtleford Road,MARKWOOD,C,Apr-2025
Glenroy Road,GLENROY,C,Apr-2025
Golf Course Road,HAVEN,C,Oct-2024
Golf Links Road,FRANKSTON,C,Sep-2024
Goulburn Valley Freeway,WAHRING,C,Aug-2024
Goulburn Valley Freeway,NAGAMBIE,C,Apr-2025
Goulburn Valley Highway,EILDON,C,Oct-2024
Goulburn Valley Highway,KORIELLA,C,Oct-2024
Goulburn Valley Highway,HOMEWOOD,C,Apr-2025
Goulburn Valley Highway,KOONOOMOO,C,Apr-2025
Goulburn Valley Highway,TALLYGAROOPNA,C,Apr-2025
Graham Street,SHEPPARTON,C,Feb-2025
Grampians Road,HALLS GAP,C,Oct-2024
Grants Road,EDEN PARK,C,Feb-2025
Gray Street,SWAN HILL,C,Mar-2025
Great Alpine Road,GRANITE ROCK,C,May-2025
Great Alpine Road,OMEO,C,May-2025
Great Alpine Road,SARSFIELD,C,May-2025
Great Alpine Road,SWIFTS CREEK,C,May-2025
Great Alpine Road,WISELEIGH,C,May-2025
Great Ocean  Road,APOLLO BAY,C,Aug-2024
Great Ocean Road,SKENES CREEK,C,Aug-2024
Great Ocean Road,PETERBOROUGH,C,Dec-2024
Greythorn Road,BALWYN NORTH,C,May-2025
Grigg Road,KOONDROOK,C,Mar-2025
Guthridge Parade,SALE,C,May-2025
Hamilton Highway,MORTLAKE,C,Nov-2024
Hamilton Highway,LISMORE,C,Dec-2024
Hamilton Highway,PENSHURST,C,Apr-2025
Hamilton-Natimuk Road,CAVENDISH,C,Apr-2025
Hanlon Parade,PORTLAND,C,Apr-2025
Hanson Road,CRAIGIEBURN,C,Apr-2025
Harold Road,SPRINGVALE SOUTH,C,Aug-2024
Harris Street,WARRNAMBOOL,C,Nov-2024
Hattah-Robinvale Road,HATTAH,C,Apr-2025
Hazel Glen Drive,MERNDA,C,Feb-2025
Heads Road,DONVALE,C,May-2025
Heathcote-Nagambie Road,GRAYTOWN,C,Apr-2025
Heathcote-Nagambie Road,NAGAMBIE,C,Apr-2025
Heatherdale Road,MITCHAM,C,May-2025
Heaths Road,WERRIBEE,C,Jun-2025
Hedderwick Street,ESSENDON,C,Apr-2025
Heidelberg-Warrandyte Road,WARRANDYTE,C,May-2025
Hensley Park Road,HAMILTON,C,Apr-2025
Henty Highway,MYAMYN,C,T
Henty Highway,BRIMPAEN,C,Oct-2024
Henty Highway,BYRNEVILLE,C,Oct-2024
Henty Highway,RIVERSIDE,C,Oct-2024
Henty Highway,WONWONDAH NORTH,C,Oct-2024
Henty Highway,KEWELL NORTH,C,Jan-2025
Henty Highway,MOORALLA,C,Apr-2025
High Street,GLEN IRIS,C,Feb-2025
High Street,KEW,C,May-2025
High Street,TEMPLESTOWE,C,May-2025
High Street Road,MOUNT WAVERLEY,C,May-2025
Highbury Road,GLEN WAVERLEY,C,May-2025
Highbury Road,MOUNT WAVERLEY,C,May-2025
Hilma Street,SUNSHINE WEST,C,May-2025
Hoffmans Road,NIDDRIE,C,Apr-2025
Holden Road,DIGGERS REST,C,May-2025
Holmes Street,BRUNSWICK,C,Apr-2025
Hopkins Highway,PURNIM,C,Nov-2024
Hotham Road,PORTSEA,C,Sep-2024
Hughes Street,OUYEN,C,Apr-2025
Hume Freeway,AVENEL,C,Apr-2025
Hume Freeway,EUROA,C,Apr-2025
Humffray Street North,BALLARAT,C,Aug-2024
Humphries Road,FRANKSTON,C,Sep-2024
Huntingdale Road,MOUNT WAVERLEY,C,May-2025
Hurd Street,PORTLAND,C,Apr-2025
Hutchison Street,SALE,C,May-2025
Hutton Road,KEYSBOROUGH,C,Aug-2024
Hyland Highway,YARRAM,C,May-2025
Jetty Road,ROSEBUD,C,Sep-2024
Karinie Street,SWAN HILL,C,Mar-2025
Kars Street,FRANKSTON,C,Sep-2024
Katamatite Road,CONGUPNA,C,Apr-2025
Katamatite-Shepparton Road,TALLYGAROOPNA,C,Apr-2025
Kenmare Street,WATSONIA,C,Feb-2025
Kerang-Koondrook Road,TEAL POINT,C,Mar-2025
Keys Road,MOORABBIN EAST,C,T
Kilmore-Lancefield Road,KILMORE,C,Aug-2024
King Parrot Creek Road,STRATH CREEK,C,Apr-2025
King Street,HAMILTON,C,Apr-2025
Kingsclere Avenue,KEYSBOROUGH,C,Aug-2024
Koonoomoo Road,COBRAM,C,Apr-2025
Kooyong Road,CAULFIELD NORTH,C,T
Kooyong Road,CAULFIELD SOUTH,C,T
Kororoit Creek Road,WILLIAMSTOWN NORTH,C,May-2025
Lady Nelson Way,KEILOR DOWNS,C,May-2025
Lakeside Drive,LAKE BOGA,C,Mar-2025
Langs Road,ASCOT VALE,C,Apr-2025
Lawn Road,SPRINGVALE,C,Aug-2024
Leonard Avenue,ST ALBANS,C,May-2025
Liberty Avenue,ROWVILLE,C,Mar-2025
Liverpool Road,KILSYTH,C,Jun-2025
Loddon Valley  Highway,TRAGOWEL,C,Mar-2025
Loddon Valley Highway,KERANG SOUTH,C,Mar-2025
Loddon Valley Highway,TRAGOWEL,C,Mar-2025
Loddon Valley Highway,CAMPBELLS FOREST,C,Apr-2025
Loddon Valley Highway,CANARY ISLAND SOUTH,C,May-2025
Loddon Valley Highway,DURHAM OX,C,May-2025
Loddon Valley Highway,JARKLIN,C,May-2025
Loddon Valley Highway,YARRABERB,C,May-2025
Longford-Loch Sport Road,DUTSON,C,May-2025
Lower Dandenong Road,DINGLEY VILLAGE,C,T
MacArthur Street,SALE,C,May-2025
Madeira Packet Road,PORTLAND,C,Apr-2025
Maginness Street,BENALLA,C,T
Maidstone Street,ALTONA,C,May-2025
Main Road,ELTHAM,C,Feb-2025
Main Road,SEASPRAY,C,May-2025
Main Road,PAYNESVILLE,C,May-2025
Mallee Highway,BOINKA,C,Apr-2025
Mallee Highway,BOORONGIE NORTH,C,Apr-2025
Mallee Highway,CARINA,C,Apr-2025
Mallee Highway,COWANGIE,C,Apr-2025
Mallee Highway,KULWIN,C,Apr-2025
Mallee Highway,PANITYA,C,Apr-2025
Mallee Highway,UNDERBOOL,C,Apr-2025
Mallee Highway,WAGANT,C,Apr-2025
Mallee Highway,WALPEUP,C,Apr-2025
Mallee Highway,MANANGATANG,C,Apr-2025
Mallee Highway,PIANGIL,C,Apr-2025
Malvern Road,GLEN IRIS,C,Feb-2025
Malvern Road,MALVERN EAST,C,Mar-2025
Malvern Road,TOORAK,C,Mar-2025
Mansfield-Whitfield Road,BRIDGE CREEK,C,Oct-2024
Mansfield-Woods Point Road,HOWQUA,C,Oct-2024
Mansfield-Woods Point Road,MANSFIELD,C,Oct-2024
Marine Drive,SAFETY BEACH,C,Sep-2024
Market Road,WERRIBEE,C,Jun-2025
Maroondah Highway,KANUMBRA,C,Oct-2024
Maroondah Highway,MANSFIELD,C,Oct-2024
Maroondah highway,WOODFIELD,C,Oct-2024
Maroondah Highway,NARBETHONG,C,Oct-2024
Maroondah Highway,TAGGERTY,C,Oct-2024
Maroondah Link Highway,CATHKIN,C,Oct-2024
Maryborough Road,ASCOT,C,Aug-2024
Marysville Road,GRANTON,C,Oct-2024
McIvor Highway,KNOWSLEY,C,Apr-2025
McKean Street,BAIRNSDALE,C,May-2025
McMahens Road,BANGHOLME,C,Aug-2024
McMahons Road,FRANKSTON,C,Sep-2024
Medway Road,CRAIGIEBURN,C,Apr-2025
Melba Highway,DEVLIN BRIDGE,C,Apr-2025
Melba Highway,GLENBURN,C,Apr-2025
Melbourne Road,BLAIRGOWRIE,C,Sep-2024
Melbourne Road,SORRENTO,C,Sep-2024
Melbourne Road,YEA,C,Apr-2025
Melbourne-Lancefield Road,SUNBURY,C,Aug-2024
Melton Highway,SYDENHAM,C,May-2025
Melville Road,PASCOE VALE SOUTH,C,Apr-2025
Middleborough Road,BLACKBURN SOUTH,C,May-2025
Midland Highway,SWANPOOL,C,T
Midland Highway,BARJARG,C,Oct-2024
Midland Highway,STEWARTON,C,Nov-2024
Midland Highway,BANNOCKBURN,C,Mar-2025
Midland Highway,CLARENDON,C,Mar-2025
Midland Highway,BLAMPIED,C,Mar-2025
Midland Highway,MOUNT FRANKLIN,C,Mar-2025
Midland Highway,MOUNT PROSPECT,C,Mar-2025
Midland Highway,BYRNESIDE,C,Apr-2025
Midland Highway,TATURA,C,May-2025
Midland Highway,BARKERS CREEK,C,May-2025
Midland Highway,CAMPBELLS CREEK,C,May-2025
Midland Highway,CASTLEMAINE,C,May-2025
Milleara Road,KEILOR EAST,C,Apr-2025
Millers Road,ALTONA,C,May-2025
Millers Road,ALTONA NORTH,C,Jun-2025
Millewa Road,RED CLIFFS,C,Feb-2025
Millewa Road,KOORLONG,C,Apr-2025
Mitcham Road,MITCHAM,C,May-2025
Mitchell Street,MAIDSTONE,C,Jun-2025
Mont Albert Road,CANTERBURY,C,May-2025
Moore Street,WARRNAMBOOL,C,Oct-2024
Morang Drive,MILL PARK,C,Feb-2025
Moreland Road,BRUNSWICK,C,Apr-2025
Mornington Peninsula Freeway,CHELSEA HEIGHTS,C,T
Mornington Peninsula Freeway,BANGHOLME,C,T
Morris Road,HOPPERS CROSSING,C,Jun-2025
Mortlake-Ararat Road,DENICULL CREEK,C,May-2025
Mortlake-Ararat Road,MAROONA,C,May-2025
Mossfiel Drive,HOPPERS CROSSING,C,Jun-2025
Mount Macedon Road,WOODEND,C,Apr-2025
Murchison-Violet Town Road,MIEPOLL,C,Apr-2025
Murphy Street,EAST BENDIGO,C,Apr-2025
Murray Valley Highway,MYSTIC PARK,C,T
Murray Valley Highway,FAIRLEY,C,Mar-2025
Murray Valley Highway,KERANG,C,Mar-2025
Murray Valley Highway,KERANG EAST,C,Mar-2025
Murray Valley Highway,LAKE CHARM,C,Mar-2025
Murray Valley Highway,PIANGIL,C,Mar-2025
Murray Valley Highway,VINIFERA,C,Mar-2025
Murray Valley Highway,BONEGILLA,C,Apr-2025
Murray Valley Highway,BULLIOH,C,Apr-2025
Murray Valley Highway,CORRYONG,C,Apr-2025
Murray Valley Highway,EBDEN,C,Apr-2025
Murray Valley Highway,RED BLUFF,C,Apr-2025
Murray Valley Highway,BOUNDARY BEND,C,Apr-2025
Murray Valley Highway,LAKE POWELL,C,Apr-2025
Murray Valley Highway,NARRUNG,C,Apr-2025
Murray Valley Highway,PIAMBIE,C,Apr-2025
Murray Valley Highway,ROBINVALE,C,Apr-2025
Murray Valley Hwy,TOWONG UPPER,C,Apr-2025
Murrumbeena Road,MURRUMBEENA,C,T
Must Street,PORTLAND,C,Apr-2025
Myrtleford-Yackandandah Road,MYRTLEFORD,C,Apr-2025
Napier Street,STRATHMORE,C,Apr-2025
Nepean Highway,ELSTERNWICK,C,T
Nepean Highway,PARKDALE,C,T
Nerowie Road,PARWAN,C,May-2025
Newlands Road,COBURG NORTH,C,Apr-2025
Norman Street,WENDOUREE,C,Aug-2024
Normanby Avenue,THORNBURY,C,Feb-2025
North Boundary Road,HAMILTON,C,Apr-2025
North Road,BRIGHTON EAST,C,T
Northern Highway,BYLANDS,C,Aug-2024
Northern Highway,HIGH CAMP,C,Apr-2025
Oakwood Road,ALBANVALE,C,May-2025
Oberon Avenue,ST ALBANS,C,May-2025
Ogilvie Avenue,ECHUCA,C,Apr-2025
O'Gradys Road,KILMORE EAST,C,Aug-2024
Old Dandenong Road,OAKLEIGH SOUTH,C,T
Old Sale Road,DROUIN WEST,C,Dec-2024
Old Warrandyte Road,DONVALE,C,May-2025
Oriel Road,IVANHOE,C,Feb-2025
Ormond Road,MOONEE PONDS,C,Apr-2025
Orrong Road,TOORAK,C,Mar-2025
Overport Road,FRANKSTON,C,Sep-2024
Palmerston Street,MELTON,C,May-2025
Park Road,DONVALE,C,May-2025
Park Road,PARK ORCHARDS,C,May-2025
Parkers Road,WEST WODONGA,C,Apr-2025
Parkside Drive,SHEPPARTON,C,May-2025
Parwan-Exford Road,PARWAN,C,May-2025
Pascoe Vale Road,ESSENDON,C,Aug-2024
Pascoe Vale Road,STRATHMORE,C,Apr-2025
Patten Street,SALE,C,May-2025
Patterson Avenue,KEILOR,C,May-2025
Peel Street,BALLARAT,C,Aug-2024
Piries-Goughs Bay Road,PIRIES,C,Oct-2024
Point Nepean Road,CAPEL SOUND,C,Sep-2024
Point Nepean Road,DROMANA,C,Sep-2024
Point Nepean Road,MCCRAE,C,Sep-2024
Point Nepean Road,TOOTGAROOK,C,Sep-2024
Pollack Street,COLAC,C,Aug-2024
Port Fairy Road,BYADUK,C,Apr-2025
Port Fairy Road,HAMILTON,C,Apr-2025
Portland-Casterton Road,SANDFORD,C,Apr-2025
Portland-Nelson Road,PORTLAND,C,Apr-2025
Pound Road,NARRE WARREN SOUTH,C,Nov-2024
Powells Avenue,EAST BENDIGO,C,Apr-2025
Powerscourt Street,MAFFRA,C,May-2025
Prince Street,ROSEDALE,C,May-2025
Princes Highway,SPRINGVALE,C,Aug-2024
Princes Highway,ALLANSFORD,C,Oct-2024
Princes Highway,TRAFALGAR,C,Dec-2024
Princes Highway,MANORINA,C,Jan-2025
Princes Highway,DRUMBORG,C,Apr-2025
Princes Highway,GREENWALD,C,Apr-2025
Princes Highway,MUMBANNAR,C,Apr-2025
Princes Highway,NARRAWONG,C,Apr-2025
Princes Highway,TYRENDARRA,C,Apr-2025
Princes Highway,MCKENZIE RIVER,C,May-2025
Princes Highway,NEWMERELLA,C,May-2025
Princes Highway,ORBOST,C,May-2025
Princes Highway,WAYGARA,C,May-2025
Princes Highway,LUCKNOW,C,May-2025
Promontory Road,YANAKIE,C,Sep-2024
Pyke Street,QUARRY HILL,C,Apr-2025
Pyrenees Highway,ARARAT,C,May-2025
Pyrenees Highway,EVERSLEY,C,May-2025
Queen Street,ALTONA,C,May-2025
Racecourse Road,ASCOT,C,Apr-2025
Raglan Street,SALE,C,May-2025
Railway Avenue,WERRIBEE,C,Jun-2025
Raleigh Street,WESTMEADOWS,C,Apr-2025
Rees Road,MELTON SOUTH,C,May-2025
Reeve Street,SALE,C,May-2025
Reservoir Road,SUNBURY,C,Apr-2025
Reservoir Road,KENNINGTON,C,Apr-2025
Reynolds Parade,PASCOE VALE SOUTH,C,Apr-2025
Rhodes Parade,PASCOE VALE,C,Apr-2025
Riggall Street,DALLAS,C,Apr-2025
River Drive,TARWIN LOWER,C,Sep-2024
River Road,MURCHISON,C,May-2025
Riverine Street,BAIRNSDALE,C,May-2025
Rosella Avenue,WERRIBEE,C,Jun-2025
Rowan Drive,KEALBA,C,May-2025
Rowes Road,WERRIBEE,C,Jun-2025
Roxburgh Park Drive,ROXBURGH PARK,C,Apr-2025
Roycroft Avenue,MILL PARK,C,Feb-2025
Rushworth-Tatura Road,RUSHWORTH,C,Apr-2025
Russell Street,BALLARAT,C,Aug-2024
Russell Street,CASTERTON,C,Apr-2025
Sailors Gully Road,EAGLEHAWK,C,Apr-2025
Sailors Gully Road,SAILORS GULLY,C,Apr-2025
Salmon Street,HASTINGS,C,Sep-2024
Samaria Road,BENALLA,C,T
Sayers Road,HOPPERS CROSSING,C,Jun-2025
Seaford Road,SEAFORD,C,Sep-2024
Seaspray Road,LONGFORD,C,May-2025
Seaspray Road,SEASPRAY,C,May-2025
Service Street,CLUNES,C,Mar-2025
Seymour-Avenel Road,SEYMOUR,C,Apr-2025
Seymour-Pyalong Road,SEYMOUR,C,Apr-2025
Seymour-Tooborac Road,SEYMOUR,C,Apr-2025
Seymour-Tooborac Road,PUCKAPUNYAL,C,Apr-2025
Shakespeare Street,HAMILTON,C,Apr-2025
Shaws Road,WERRIBEE,C,Jun-2025
Shoreline Drive,SEASPRAY,C,May-2025
Skene Street,WARRNAMBOOL,C,Oct-2024
Somerton Park Road,SALE,C,May-2025
South Gippsland Highway,RUBY,C,Sep-2024
South Gippsland Highway,WELSHPOOL,C,Sep-2024
South Gippsland Highway,FIVE WAYS,C,Nov-2024
South Gippsland Highway,ALBERTON,C,May-2025
South Gippsland Highway,HEDLEY,C,May-2025
South Gippsland Highway,LONGFORD,C,May-2025
South Gippsland Highway,STRADBROKE,C,May-2025
Southern Road,HEIDELBERG HEIGHTS,C,Feb-2025
Spring Road,DINGLEY VILLAGE,C,T
Springfield Road,BLACKBURN NORTH,C,May-2025
Springfield Road,MITCHAM,C,May-2025
St Arnaud-Wycheproof Road,WOOROONOOK,C,Mar-2025
Station Road,MELTON SOUTH,C,May-2025
Station Street,BOX HILL,C,May-2025
Station Street,BOX HILL NORTH,C,May-2025
Station Street,BOX HILL SOUTH,C,May-2025
Stawell-Warracknabeal Road,GLENORCHY,C,Oct-2024
Stawell-Warracknabeal Road,SHEEP HILLS,C,Oct-2024
Stephensons Road,MOUNT WAVERLEY,C,May-2025
Stratford-Maffra Road,MAFFRA,C,May-2025
Sturt Highway,MERINGUR,C,Apr-2025
Sturt Highway,MERRINEE,C,Apr-2025
Sturt Highway,WARGAN,C,Apr-2025
Sunbury Road,SUNBURY,C,Apr-2025
Sunraysia Highway,CARAPOOEE,C,Oct-2024
Sunraysia Highway,GAMA,C,Oct-2024
Sunraysia highway,SWANWATER,C,Oct-2024
Sunraysia Highway,BIRCHIP,C,Mar-2025
Sunraysia Highway,DONALD,C,Mar-2025
Sunraysia Highway,BRONZEWING,C,Apr-2025
Sunraysia Highway,GYPSUM,C,Apr-2025
Swansea Road,MONTROSE,C,Dec-2024
Sydenham Road,SYDENHAM,C,May-2025
Taggerty-Thornton Road,THORNTON,C,Oct-2024
Tarcombe Street,EUROA,C,T
The Avenue,SUNBURY,C,Apr-2025
The Avenue,SPOTSWOOD,C,May-2025
Tocumwal Road,NUMURKAH,C,Apr-2025
Tooronga Road,MALVERN EAST,C,Mar-2025
Traralgon-Maffra Road,DENISON,C,May-2025
Traralgon-Maffra Road,MAFFRA,C,May-2025
Truemans Road,TOOTGAROOK,C,Sep-2024
Tucker Road,BENTLEIGH,C,T
Tulip Street,BLACK ROCK,C,T
Twentieth Street,CARDROSS,C,Apr-2025
Tyers Street,STRATFORD,C,May-2025
Union Road,BALWYN,C,May-2025
Ventnor Road,VENTNOR,C,Sep-2024
Victoria Street,HAMILTON,C,Apr-2025
Victoria Street,WILLIAMSTOWN,C,May-2025
Victoria Street,ALTONA MEADOWS,C,Jun-2025
View Street,ST ALBANS,C,May-2025
Vincent Avenue,ST ALBANS,C,May-2025
Wahring-Murchison East Road,MURCHISON EAST,C,May-2025
Wahring-Murchison Road,WAHRING,C,Apr-2025
Wallace Street,BAIRNSDALE,C,May-2025
Wallan Road,GLENVALE,C,Feb-2025
Walnut Avenue,MILDURA SOUTH,C,Apr-2025
Wangaratta Whitfield Road,KING VALLEY,C,Mar-2025
Wangoom Road,WARRNAMBOOL,C,Oct-2024
Warrigal Road,OAKLEIGH SOUTH,C,T
Warrigal Road,BURWOOD,C,May-2025
Wattle Road,MAIDSTONE,C,Jun-2025
Wattletree Road,MALVERN EAST,C,Mar-2025
Waverley Road,MALVERN EAST,C,Mar-2025
Wedge Road,CARRUM DOWNS,C,Sep-2024
Wells Road,SEAFORD,C,Sep-2024
Wendouree Parade,BALLARAT,C,Aug-2024
Wentworth Road,MERBEIN,C,Apr-2025
West Street,GLENROY,C,Apr-2025
Westall Road,SPRINGVALE SOUTH,C,Aug-2024
Westall Road Extension,DINGLEY VILLAGE,C,T
Western Freeway,GORDON,C,Mar-2025
Western Highway,DAHLEN,C,Oct-2024
Western Highway,DEEP LEAD,C,Oct-2024
Western Highway,DRUNG DRUNG SOUTH,C,Oct-2024
Western Highway,GERANG GERUNG,C,Oct-2024
Western Highway,KINIMAKATKA,C,Oct-2024
Western Highway,LOCHIEL,C,Oct-2024
Western Highway,MIRAM SOUTH,C,Oct-2024
Western Highway,MOUNT LANGI GHIRAN,C,Jan-2025
Western Highway,DOBIE,C,May-2025
Western Port Highway,LYNDHURST,C,Aug-2024
Westernport Road,RIPPLEBROOK,C,Dec-2024
Westmelton Drive,MELTON WEST,C,May-2025
White Hill Road,DROMANA,C,Sep-2024
Whites Road,WARRNAMBOOL,C,Oct-2024
Wickham Road,MOORABBIN,C,T
Widford Street,GLENROY,C,Apr-2025
Willaton Street,ST ALBANS,C,May-2025
Williams Road,PRAHRAN,C,Mar-2025
Wilsons Lane,SUNBURY,C,Apr-2025
Wimmera Highway,APSLEY,C,Oct-2024
Wimmera Highway,HORSHAM,C,Oct-2024
Wimmera Highway,KARNAK,C,Oct-2024
Wimmera Highway,KOOREH,C,Oct-2024
Wimmera Highway,MOOLERR,C,Oct-2024
Wimmera Highway,QUANTONG,C,Oct-2024
Wimmera Highway,ST ARNAUD,C,Oct-2024
Wodonga-Yackandandah Road,STAGHORN FLAT,C,Apr-2025
Wollaston Road,WARRNAMBOOL,C,Nov-2024
Wood Street,PRESTON,C,Feb-2025
Woodland Street,STRATHMORE,C,Apr-2025
Woorinen Road,SWAN HILL,C,Mar-2025
Yankee Flat Road,WARRENHEIP,C,Mar-2025
Yarra Glen Bypass,YARRA GLEN,C,Jul-2024
Yarra Road,WONGA PARK,C,May-2025
Aspinall Street,GOLDEN SQUARE,CD,Apr-2025
Batesford Road,MALVERN EAST,CD,Mar-2025
Bendigo-Pyramid Hill Road,WOODVALE,CD,Apr-2025
Bowser Road,NORTH WANGARATTA,CD,Apr-2025
Calder Highway,KANGAROO FLAT,CD,Apr-2025
Campaspe Esplanade,ECHUCA,CD,Apr-2025
Church Street,KANGAROO FLAT,CD,Apr-2025
Eaglehawk Road,CALIFORNIA GULLY,CD,Apr-2025
Eaglehawk Road,LONG GULLY,CD,Apr-2025
Echuca-Kyabram Road,ECHUCA,CD,Apr-2025
Furness Street,KANGAROO FLAT,CD,Apr-2025
Graham Road,KYVALLEY,CD,Apr-2025
Great Alpine Road,GAPSTED,CD,Apr-2025
Hampden Road,ARMADALE,CD,Mar-2025
High Street,BEAUFORT,CD,Aug-2024
Howard Street,JACKASS FLAT,CD,Apr-2025
Inglis Street,GOLDEN SQUARE,CD,Apr-2025
JOBS GULLY Road,JACKASS FLAT,CD,Apr-2025
John Allan Road,WYUNA,CD,Apr-2025
Kronk Street,GOLDEN SQUARE,CD,Apr-2025
Lyons Street,WHITE HILLS,CD,Apr-2025
Main Street,ROMSEY,CD,Apr-2025
McClelland Drive,EAGLEHAWK,CD,Apr-2025
McCormick Road,KYABRAM,CD,Apr-2025
McKenzie Street West,KANGAROO FLAT,CD,Apr-2025
Merriang Road,WOODSTOCK,CD,Feb-2025
MIDLAND Highway,AVONMORE,CD,Apr-2025
Midland Highway,COROP,CD,Apr-2025
Midland Highway,WHITE HILLS,CD,Apr-2025
Murray Valley Highway,BURRAMINE,CD,Apr-2025
Murray Valley Highway,ECHUCA VILLAGE,CD,Apr-2025
Noble Street,NOBLE PARK,CD,Aug-2024
Panton Street,GOLDEN SQUARE,CD,Apr-2025
Perry Road,KEYSBOROUGH,CD,Aug-2024
Railway Street,KANGAROO FLAT,CD,Apr-2025
Russell Street,QUARRY HILL,CD,Jun-2025
Sparrowhawk Road,LONG GULLY,CD,Apr-2025
Spring Road,SPRINGVALE SOUTH,CD,Aug-2024
Sternberg Street,KENNINGTON,CD,Apr-2025
Sutton Street,WARRAGUL,CD,Dec-2024
Trentham Road,TYLDEN,CD,Apr-2025
Wattletree Road,ARMADALE,CD,Mar-2025
Acacia Street,SHEPPARTON,C,Feb-2025
Bayswater Road,CROYDON,C,Jul-2024
Goulburn Valley Freeway,ARCADIA,C,May-2025
